ticker,m1_close_above_150_200,m2_sma150_above_200,m3_sma200_rising_1m,m4_sma50_above_150_200,m5_close_above_sma50,m6_30pct_above_52w_low,m7_within_25pct_of_52w_high,m8_rs_ge_70,minervini_count,rs_pct,close,pct_from_52w_high,pct_above_52w_low,sma200_slope_pct,in_minervini
ALL,True,True,True,True,True,True,True,True,8,71.9,260.19000244140625,-5.42,39.01,3.26,True
TWN,True,True,True,True,True,True,True,True,8,90.9,97.2699966430664,-4.2,121.96,5.89,True
TRV,True,True,True,True,True,True,True,True,8,74.1,370.5499877929688,-6.71,43.34,3.644,True
DAC,True,True,True,True,True,True,True,True,8,84.7,150.5,0.0,83.08,5.261,True
LLY,True,True,True,True,True,True,True,True,8,77.2,1246.9300537109375,-2.61,80.46,3.668,True
THG,True,True,True,True,True,True,True,True,8,73.3,227.47000122070312,-2.22,37.19,3.017,True
AIZ,True,True,True,True,True,True,True,True,8,72.1,287.8099975585937,-4.56,41.69,3.137,True
THC,True,True,True,True,True,True,True,True,8,87.6,278.5899963378906,-0.78,72.64,3.057,True
CASY,True,True,True,True,True,True,True,True,8,78.5,854.2100219726562,-6.7,73.34,4.499,True
ESEA,True,True,True,True,True,True,True,True,8,73.1,76.79000091552734,-3.27,49.72,3.467,True
FDX,True,True,True,True,True,True,True,True,8,80.5,334.04998779296875,-1.56,88.52,4.745,True
DE,True,True,True,True,True,True,True,True,8,70.6,648.6400146484375,-1.55,49.05,2.889,True
AGM,True,True,True,True,True,True,True,True,8,76.8,219.7100067138672,-9.11,59.47,4.284,True
VRTX,True,True,True,True,True,True,True,True,8,74.1,547.5900268554688,-0.81,45.4,2.009,True
CPAY,True,True,True,True,True,True,True,True,8,75.9,413.9200134277344,-2.66,62.32,3.846,True
SENEA,True,True,True,True,True,True,True,True,8,88.0,189.66000366210935,-2.27,87.45,4.972,True
MPC,True,True,True,True,True,True,True,True,8,94.1,362.5199890136719,-0.74,125.5,6.698,True
AMGN,True,True,True,True,True,True,True,True,8,80.3,443.8399963378906,0.0,67.23,3.62,True
VLO,True,True,True,True,True,True,True,True,8,94.6,346.0,-1.16,143.06,7.595,True
MATX,True,True,True,True,True,True,True,True,8,91.7,222.67999267578125,-0.2,155.27,7.582,True
PAG,True,True,True,True,True,True,True,True,8,81.1,218.07000732421875,-1.76,57.49,3.451,True
ECPG,True,True,True,True,True,True,True,True,8,94.7,103.16000366210938,-0.56,154.53,8.303,True
NBR,True,True,True,True,True,True,True,True,8,87.4,88.63999938964844,-19.88,155.96,5.854,True
DELL,True,True,True,True,True,True,True,True,8,98.8,433.1900024414063,-12.4,291.87,13.9,True
TNK,True,True,True,True,True,True,True,True,8,86.5,92.01000213623048,0.0,98.37,4.255,True
BFH,True,True,True,True,True,True,True,True,8,87.7,105.19000244140624,-7.24,96.29,6.235,True
UNP,True,True,True,True,True,True,True,True,8,74.6,309.8599853515625,0.0,46.54,3.108,True
NMM,True,True,True,True,True,True,True,True,8,87.3,89.72000122070312,0.0,106.76,5.672,True
TMP,True,True,True,True,True,True,True,True,8,79.4,97.91000366210938,-3.26,62.95,4.709,True
UAN,True,True,True,True,True,True,True,True,8,76.9,125.06999969482422,-2.39,66.17,3.773,True
LH,True,True,True,True,True,True,True,True,8,74.8,339.3399963378906,0.0,38.68,1.853,True
CF,True,True,True,True,True,True,True,True,8,80.7,129.24000549316406,-5.21,72.34,3.633,True
WTS,True,True,True,True,True,True,True,True,8,75.6,372.7999877929688,-4.95,42.23,3.158,True
PRK,True,True,True,True,True,True,True,True,8,73.2,203.4600067138672,-4.28,39.78,3.237,True
GSL,True,True,True,True,True,True,True,True,8,76.5,44.63999938964844,0.0,71.21,4.254,True
CFR,True,True,True,True,True,True,True,True,8,73.1,164.38999938964844,-3.35,40.3,3.301,True
EAT,True,True,True,True,True,True,True,True,8,94.9,253.94000244140625,0.0,148.25,7.128,True
DJCO,True,True,True,True,True,True,True,True,8,81.4,607.260009765625,-8.64,62.14,3.443,True
STT,True,True,True,True,True,True,True,True,8,88.2,190.9199981689453,-1.1,77.24,5.338,True
TRGP,True,True,True,True,True,True,True,True,8,84.7,294.260009765625,-2.64,105.46,5.67,True
NTRS,True,True,True,True,True,True,True,True,8,79.1,186.66000366210935,-2.51,54.59,4.048,True
NDSN,True,True,True,True,True,True,True,True,8,77.3,333.92999267578125,-0.23,52.41,2.976,True
HUM,True,True,True,True,True,True,True,True,8,89.7,386.6099853515625,-5.57,137.97,3.72,True
BIIB,True,True,True,True,True,True,True,True,8,71.8,218.1199951171875,-1.55,64.97,3.379,True
DGX,True,True,True,True,True,True,True,True,8,74.8,243.8699951171875,-0.21,42.4,2.998,True
GRMN,True,True,True,True,True,True,True,True,8,76.7,291.25,-7.0,57.63,2.727,True
PARR,True,True,True,True,True,True,True,True,8,92.7,74.33000183105469,-13.6,138.24,7.978,True
WSM,True,True,True,True,True,True,True,True,8,72.7,237.7700042724609,-5.56,41.46,2.698,True
WEX,True,True,True,True,True,True,True,True,8,80.8,203.25,0.0,60.22,2.455,True
UFPT,True,True,True,True,True,True,True,True,8,80.9,305.3900146484375,-8.8,64.83,4.685,True
CFFI,True,True,True,True,True,True,True,True,8,72.5,86.98999786376953,-2.08,36.06,2.653,True
STK,True,True,True,True,True,True,True,True,8,77.6,50.9900016784668,-10.82,75.65,3.802,True
JNJ,True,True,True,True,True,True,True,True,8,75.3,273.0400085449219,-0.14,59.52,3.38,True
OPY,True,True,True,True,True,True,True,True,8,86.9,115.7300033569336,-2.6,83.67,5.344,True
CZFS,True,True,True,True,True,True,True,True,8,83.5,80.93000030517578,-3.27,55.88,4.322,True
BNY,True,True,True,True,True,True,True,True,8,83.3,162.13999938964844,-1.3,60.88,4.312,True
FCFS,True,True,True,True,True,True,True,True,8,79.8,236.42999267578125,0.0,65.2,3.024,True
NHC,True,True,True,True,True,True,True,True,8,89.8,228.3800048828125,-3.54,108.52,6.546,True
TGT,True,True,True,True,True,True,True,True,8,91.4,169.88999938964844,0.0,108.61,5.706,True
WST,True,True,True,True,True,True,True,True,8,77.8,353.32000732421875,-3.33,53.2,2.551,True
UNF,True,True,True,True,True,True,True,True,8,84.1,291.75,-3.13,95.41,5.784,True
ROST,True,True,True,True,True,True,True,True,8,76.3,241.5200042724609,-5.37,68.01,4.56,True
INCY,True,True,True,True,True,True,True,True,8,80.0,127.9800033569336,-1.5,56.72,3.308,True
WAB,True,True,True,True,True,True,True,True,8,78.0,297.6199951171875,-2.57,61.06,4.111,True
PFG,True,True,True,True,True,True,True,True,8,72.6,111.88999938964844,-3.05,46.54,3.736,True
PLPC,True,True,True,True,True,True,True,True,8,91.9,406.9299926757813,-15.36,118.97,7.131,True
THFF,True,True,True,True,True,True,True,True,8,78.3,79.61000061035156,-3.84,58.39,4.477,True
IEX,True,True,True,True,True,True,True,True,8,73.5,233.69000244140625,-2.84,48.9,3.571,True
UVE,True,True,True,True,True,True,True,True,8,82.7,43.59999847412109,-3.28,84.33,4.105,True
HQL,True,True,True,True,True,True,True,True,8,83.9,21.549999237060547,-4.94,73.87,3.294,True
DINO,True,True,True,True,True,True,True,True,8,93.2,95.18000030517578,-2.2,112.31,6.597,True
VOYA,True,True,True,True,True,True,True,True,8,80.7,99.13999938964844,-2.34,52.2,3.574,True
SRCE,True,True,True,True,True,True,True,True,8,77.7,86.06999969482422,-5.23,53.11,4.399,True
RBCAA,True,True,True,True,True,True,True,True,8,79.4,94.9800033569336,-5.62,49.04,4.115,True
ALSN,True,True,True,True,True,True,True,True,8,80.6,131.3800048828125,-3.16,67.12,3.815,True
NTAP,True,True,True,True,True,True,True,True,8,91.4,186.8600006103516,-9.76,100.18,6.319,True
GSBC,True,True,True,True,True,True,True,True,8,72.9,78.6500015258789,-4.11,44.03,3.623,True
EXPD,True,True,True,True,True,True,True,True,8,79.6,187.8300018310547,-0.23,67.77,4.137,True
TEN,True,True,True,True,True,True,True,True,8,86.4,42.630001068115234,-1.64,107.88,5.794,True
FBIZ,True,True,True,True,True,True,True,True,8,79.8,70.0,-2.58,50.14,3.858,True
VIRT,True,True,True,True,True,True,True,True,8,90.3,66.29000091552734,-2.41,108.3,5.961,True
TDW,True,True,True,True,True,True,True,True,8,82.0,92.91999816894533,-3.7,96.49,5.337,True
SEIC,True,True,True,True,True,True,True,True,8,78.6,110.75,0.0,48.17,2.91,True
PFIS,True,True,True,True,True,True,True,True,8,81.8,70.63999938964844,-1.86,64.12,4.767,True
NSIT,True,True,True,True,True,True,True,True,8,89.0,145.2899932861328,-7.22,125.5,4.147,True
CTBI,True,True,True,True,True,True,True,True,8,77.2,76.6500015258789,-3.54,54.09,4.319,True
WSFS,True,True,True,True,True,True,True,True,8,74.8,79.47000122070312,-3.19,59.57,4.465,True
MBWM,True,True,True,True,True,True,True,True,8,71.7,60.310001373291016,-2.69,43.05,3.405,True
FLXS,True,True,True,True,True,True,True,True,8,93.2,80.5999984741211,-0.97,138.84,7.889,True
ILMN,True,True,True,True,True,True,True,True,8,94.5,223.22000122070312,0.0,145.3,7.184,True
LITE,True,True,True,True,True,True,True,True,8,98.6,830.1699829101562,-21.17,595.63,10.968,True
DXPE,True,True,True,True,True,True,True,True,8,89.1,186.8000030517578,-6.99,118.4,4.582,True
IPAR,True,True,True,True,True,True,True,True,8,73.2,116.8000030517578,-9.14,50.69,2.985,True
KFY,True,True,True,True,True,True,True,True,8,77.9,84.7300033569336,-0.39,44.68,2.506,True
SPB,True,True,True,True,True,True,True,True,8,81.0,88.33999633789062,-2.89,79.07,5.125,True
FHI,True,True,True,True,True,True,True,True,8,71.3,64.72000122070312,0.0,40.49,2.567,True
FDBC,True,True,True,True,True,True,True,True,8,71.2,53.97999954223633,-3.16,35.57,2.654,True
SCHW,True,True,True,True,True,True,True,True,8,71.0,113.6500015258789,0.0,33.55,1.634,True
UFCS,True,True,True,True,True,True,True,True,8,84.1,53.93000030517578,-1.82,81.22,5.77,True
BWFG,True,True,True,True,True,True,True,True,8,86.0,66.51000213623047,-2.38,66.04,5.05,True
ACNB,True,True,True,True,True,True,True,True,8,80.8,64.44000244140625,-1.51,56.54,4.279,True
OFG,True,True,True,True,True,True,True,True,8,71.5,52.36000061035156,-2.95,43.21,3.002,True
USB,True,True,True,True,True,True,True,True,8,71.4,62.41999816894531,-4.59,41.83,3.418,True
PLBC,True,True,True,True,True,True,True,True,8,78.8,61.400001525878906,-3.41,55.88,4.355,True
CAC,True,True,True,True,True,True,True,True,8,79.3,56.880001068115234,-4.84,64.59,4.727,True
HQH,True,True,True,True,True,True,True,True,8,78.8,23.38999938964844,-5.15,58.71,3.081,True
APA,True,True,True,True,True,True,True,True,8,89.7,42.959999084472656,-3.22,105.45,5.557,True
SAFT,True,True,True,True,True,True,True,True,8,85.7,103.75,0.0,59.85,5.003,True
WLY,True,True,True,True,True,True,True,True,8,87.8,53.20000076293945,-4.52,87.78,4.397,True
FRO,True,True,True,True,True,True,True,True,8,91.1,44.04999923706055,-0.9,135.96,6.362,True
ABNB,True,True,True,True,True,True,True,True,8,89.0,190.2100067138672,0.0,70.53,3.509,True
BAC,True,True,True,True,True,True,True,True,8,70.5,62.33000183105469,-3.83,34.1,2.314,True
ITGR,True,True,True,True,True,True,True,True,8,86.9,125.06999969482422,-0.79,97.52,3.877,True
FMBH,True,True,True,True,True,True,True,True,8,73.8,50.45000076293945,-3.57,47.65,3.867,True
BDX,True,True,True,True,True,True,True,True,8,71.3,190.7400054931641,-0.66,40.16,2.275,True
TSBK,True,True,True,True,True,True,True,True,8,75.9,45.90999984741211,-1.92,51.54,3.826,True
FISI,True,True,True,True,True,True,True,True,8,81.3,40.81999969482422,-4.4,63.31,4.556,True
ESP,True,True,True,True,True,True,True,True,8,75.2,63.08000183105469,-12.29,75.71,4.665,True
RHP,True,True,True,True,True,True,True,True,8,79.3,131.1300048828125,-3.57,58.05,4.23,True
CHMG,True,True,True,True,True,True,True,True,8,86.2,82.58000183105469,-1.6,67.99,5.33,True
PBF,True,True,True,True,True,True,True,True,8,97.2,69.51000213623047,-7.57,193.25,9.919,True
PEBK,True,True,True,True,True,True,True,True,8,73.8,44.119998931884766,-2.5,59.83,3.856,True
PDEX,True,True,True,True,True,True,True,True,8,88.0,66.86000061035156,-2.31,179.63,7.527,True
GABC,True,True,True,True,True,True,True,True,8,70.0,50.06999969482422,-2.55,37.55,3.089,True
STBA,True,True,True,True,True,True,True,True,8,70.6,50.25,-5.14,49.93,3.853,True
BMY,True,True,True,True,True,True,True,True,8,75.0,67.27999877929688,-0.49,63.27,4.11,True
MRK,True,True,True,True,True,True,True,True,8,85.5,150.66000366210938,-1.24,98.68,4.678,True
PKBK,True,True,True,True,True,True,True,True,8,80.6,33.970001220703125,-3.3,74.32,5.032,True
AWR,True,True,True,True,True,True,True,True,8,70.9,91.0999984741211,0.0,32.95,1.956,True
TRST,True,True,True,True,True,True,True,True,8,81.1,57.20000076293945,-1.0,69.2,4.62,True
CAKE,True,True,True,True,True,True,True,True,8,96.6,114.61000061035156,-2.28,168.98,9.186,True
OBT,True,True,True,True,True,True,True,True,8,77.0,38.2599983215332,-2.37,66.1,4.653,True
SXT,True,True,True,True,True,True,True,True,8,79.9,137.4499969482422,0.0,66.81,3.674,True
OII,True,True,True,True,True,True,True,True,8,92.1,50.459999084472656,-6.75,127.3,8.323,True
SCSC,True,True,True,True,True,True,True,True,8,81.3,54.130001068115234,-8.08,57.95,3.017,True
IDT,True,True,True,True,True,True,True,True,8,77.3,68.29000091552734,0.0,46.99,3.385,True
FNLC,True,True,True,True,True,True,True,True,8,79.2,34.560001373291016,-3.08,48.98,4.042,True
BDL,True,True,True,True,True,True,True,True,8,91.0,50.38999938964844,0.0,92.37,4.092,True
GEF,True,True,True,True,True,True,True,True,8,80.1,85.98999786376953,-4.58,55.55,4.534,True
CMTV,True,True,True,True,True,True,True,True,8,84.4,40.33000183105469,-4.43,89.98,5.826,True
NVEC,True,True,True,True,True,True,True,True,8,89.5,106.66999816894533,-19.83,92.34,6.661,True
OVV,True,True,True,True,True,True,True,True,8,84.5,65.91999816894531,-1.35,86.63,5.374,True
SMBK,True,True,True,True,True,True,True,True,8,80.8,51.18000030517578,-3.85,54.29,4.392,True
PEBO,True,True,True,True,True,True,True,True,8,76.4,39.84999847412109,-4.67,51.3,4.145,True
WSBC,True,True,True,True,True,True,True,True,8,73.7,40.72999954223633,-4.61,41.24,3.368,True
ATI,True,True,True,True,True,True,True,True,8,94.4,209.80999755859372,-9.48,186.74,8.69,True
CNS,True,True,True,True,True,True,True,True,8,72.9,83.16000366210938,-2.91,44.32,2.509,True
ANET,True,True,True,True,True,True,True,True,8,82.9,188.1499938964844,-10.62,62.02,2.543,True
HTO,True,True,True,True,True,True,True,True,8,72.0,64.48999786376953,-0.74,48.51,2.864,True
TX,True,True,True,True,True,True,True,True,8,84.4,55.11000061035156,-0.61,74.5,4.347,True
TGTX,True,True,True,True,True,True,True,True,8,92.7,56.0099983215332,-5.16,107.91,4.515,True
GNT,True,True,True,True,True,True,True,True,8,73.0,9.18000030517578,-0.11,50.92,2.745,True
HALO,True,True,True,True,True,True,True,True,8,89.9,108.63999938964844,0.0,76.28,4.288,True
CFBK,True,True,True,True,True,True,True,True,8,79.8,34.77000045776367,-4.24,56.59,4.438,True
REPX,True,True,True,True,True,True,True,True,8,74.2,37.619998931884766,-7.59,61.02,3.26,True
NKSH,True,True,True,True,True,True,True,True,8,77.5,41.34000015258789,-4.28,59.47,4.12,True
WASH,True,True,True,True,True,True,True,True,8,82.1,39.720001220703125,-1.24,64.32,4.381,True
FRD,True,True,True,True,True,True,True,True,8,97.3,42.04999923706055,-12.54,147.99,9.103,True
NWFL,True,True,True,True,True,True,True,True,8,71.0,34.099998474121094,-1.16,46.21,3.205,True
DCOM,True,True,True,True,True,True,True,True,8,77.2,40.40999984741211,-3.19,60.1,4.003,True
FCBC,True,True,True,True,True,True,True,True,8,81.3,49.54999923706055,0.0,66.14,4.62,True
MTCH,True,True,True,True,True,True,True,True,8,71.5,41.72999954223633,0.0,46.07,2.045,True
CASS,True,True,True,True,True,True,True,True,8,81.6,57.41999816894531,-1.91,59.49,4.404,True
FTI,True,True,True,True,True,True,True,True,8,86.2,75.8499984741211,-4.9,113.94,5.994,True
FMAO,True,True,True,True,True,True,True,True,8,81.0,33.9900016784668,-3.79,51.53,4.166,True
SBFG,True,True,True,True,True,True,True,True,8,81.0,27.86000061035156,0.0,57.23,3.758,True
CNO,True,True,True,True,True,True,True,True,8,76.0,54.2400016784668,-2.59,42.63,3.479,True
WEYS,True,True,True,True,True,True,True,True,8,87.9,44.81999969482422,-3.81,75.25,5.269,True
RCKY,True,True,True,True,True,True,True,True,8,87.3,45.95000076293945,-9.51,75.13,5.641,True
BHB,True,True,True,True,True,True,True,True,8,71.9,39.619998931884766,-2.73,44.35,3.445,True
VSXY,True,True,True,True,True,True,True,True,8,97.7,87.12000274658203,-12.85,300.37,10.519,True
SWK,True,True,True,True,True,True,True,True,8,82.2,98.51000213623048,-5.28,63.96,4.361,True
ATLO,True,True,True,True,True,True,True,True,8,81.2,31.850000381469727,-0.78,68.52,4.432,True
BOTJ,True,True,True,True,True,True,True,True,8,85.9,27.01000022888184,-2.81,85.87,5.626,True
SM,True,True,True,True,True,True,True,True,8,86.4,36.459999084472656,-3.13,110.73,4.882,True
AEF,True,True,True,True,True,True,True,True,8,75.4,9.270000457763672,-5.78,68.98,3.69,True
DXCM,True,True,True,True,True,True,True,True,8,75.8,91.05999755859376,-1.39,66.05,2.863,True
IBKR,True,True,True,True,True,True,True,True,8,78.1,93.0500030517578,-4.48,55.18,2.813,True
FXNC,True,True,True,True,True,True,True,True,8,71.7,31.07999992370605,-3.99,45.48,3.667,True
ACU,True,True,True,True,True,True,True,True,8,89.4,61.61000061035156,-1.94,75.45,4.954,True
FNWD,True,True,True,True,True,True,True,True,8,80.4,43.45000076293945,-4.04,44.85,3.383,True
GCBC,True,True,True,True,True,True,True,True,8,89.1,35.290000915527344,0.0,66.78,5.16,True
FBP,True,True,True,True,True,True,True,True,8,77.0,28.229999542236328,-4.95,49.21,3.949,True
BUSE,True,True,True,True,True,True,True,True,8,71.5,30.290000915527344,-4.08,42.03,3.463,True
KINS,True,True,True,True,True,True,True,True,8,80.6,20.09000015258789,-3.11,54.04,3.307,True
TILE,True,True,True,True,True,True,True,True,8,82.6,38.27000045776367,-2.67,56.87,3.416,True
RCMT,True,True,True,True,True,True,True,True,8,96.4,41.119998931884766,0.0,134.3,4.115,True
RVTY,True,True,True,True,True,True,True,True,8,77.8,123.0,-1.4,49.62,2.313,True
WTBA,True,True,True,True,True,True,True,True,8,78.3,28.43000030517578,-5.23,54.66,3.871,True
DHT,True,True,True,True,True,True,True,True,8,87.0,19.71999931335449,-1.35,99.51,5.087,True
MD,True,True,True,True,True,True,True,True,8,80.2,26.600000381469727,-2.88,68.35,4.141,True
PEO,True,True,True,True,True,True,True,True,8,70.3,28.31999969482422,-1.15,47.58,3.308,True
BJRI,True,True,True,True,True,True,True,True,8,92.9,67.27999877929688,-9.4,134.51,8.623,True
GEO,True,True,True,True,True,True,True,True,8,94.0,32.18000030517578,-1.62,142.68,7.165,True
KFRC,True,True,True,True,True,True,True,True,8,94.8,57.68999862670898,-4.57,143.64,9.01,True
HFBL,True,True,True,True,True,True,True,True,8,91.8,26.82999992370605,0.0,112.49,5.371,True
RPRX,True,True,True,True,True,True,True,True,8,83.9,61.33000183105469,-0.65,79.14,5.008,True
GIC,True,True,True,True,True,True,True,True,8,80.3,39.56999969482422,0.0,52.35,2.007,True
TRIN,True,True,True,True,True,True,True,True,8,77.4,18.61000061035156,0.0,46.59,3.125,True
FCX,True,True,True,True,True,True,True,True,8,88.3,77.80000305175781,0.0,122.51,4.712,True
FRST,True,True,True,True,True,True,True,True,8,80.0,16.299999237060547,-2.22,75.06,4.732,True
CHEF,True,True,True,True,True,True,True,True,8,92.3,113.4499969482422,-1.65,107.78,7.249,True
EZPW,True,True,True,True,True,True,True,True,8,89.3,35.04999923706055,-1.52,119.06,4.37,True
OSPN,True,True,True,True,True,True,True,True,8,75.0,15.600000381469728,-7.09,56.57,1.221,True
SHIP,True,True,True,True,True,True,True,True,8,92.1,17.81999969482422,-1.93,141.61,7.579,True
HOG,True,True,True,True,True,True,True,True,8,71.9,28.290000915527344,-5.86,65.85,0.13,True
PKOH,True,True,True,True,True,True,True,True,8,95.7,44.81999969482422,-14.64,142.18,9.532,True
AVNT,True,True,True,True,True,True,True,True,8,79.3,44.41999816894531,-4.14,65.62,3.227,True
LTH,True,True,True,True,True,True,True,True,8,90.8,45.72999954223633,0.0,85.97,6.417,True
OSBC,True,True,True,True,True,True,True,True,8,79.7,25.450000762939453,-1.78,54.38,3.916,True
WSBF,True,True,True,True,True,True,True,True,8,77.9,21.18000030517578,-1.07,51.12,3.605,True
CHCI,True,True,True,True,True,True,True,True,8,74.9,17.65999984741211,-9.39,70.63,1.487,True
CIX,True,True,True,True,True,True,True,True,8,83.0,31.3700008392334,-1.97,58.49,3.539,True
CSX,True,True,True,True,True,True,True,True,8,77.1,51.43999862670898,-3.36,62.12,3.673,True
LCNB,True,True,True,True,True,True,True,True,8,72.7,19.46999931335449,-7.2,41.21,3.359,True
KMX,True,True,True,True,True,True,True,True,8,88.5,62.79999923706055,0.0,103.37,3.597,True
LXP,True,True,True,True,True,True,True,True,8,78.4,61.119998931884766,-0.05,47.06,3.195,True
TPC,True,True,True,True,True,True,True,True,8,77.5,88.31999969482422,-10.8,51.68,3.339,True
CTRN,True,True,True,True,True,True,True,True,8,95.5,74.3499984741211,-2.4,141.87,7.751,True
DAR,True,True,True,True,True,True,True,True,8,85.3,62.31999969482422,-8.81,108.36,6.248,True
DMLP,True,True,True,True,True,True,True,True,8,71.3,29.200000762939453,0.0,50.96,2.205,True
CDP,True,True,True,True,True,True,True,True,8,70.6,37.459999084472656,-2.32,41.29,3.252,True
ARMK,True,True,True,True,True,True,True,True,8,83.6,59.27999877929688,-4.8,66.23,4.534,True
MLR,True,True,True,True,True,True,True,True,8,81.5,56.75,-0.79,60.97,3.252,True
PAA,True,True,True,True,True,True,True,True,8,76.2,24.959999084472656,0.0,70.48,4.464,True
ROKU,True,True,True,True,True,True,True,True,8,90.3,158.17999267578125,-0.08,90.74,4.843,True
MLKN,True,True,True,True,True,True,True,True,8,84.3,23.15999984741211,-5.43,72.36,4.328,True
BEN,True,True,True,True,True,True,True,True,8,81.4,34.619998931884766,-3.21,69.81,4.554,True
RHI,True,True,True,True,True,True,True,True,8,92.8,45.119998931884766,0.0,110.98,5.045,True
SBLK,True,True,True,True,True,True,True,True,8,84.4,30.700000762939453,0.0,90.26,5.291,True
CNK,True,True,True,True,True,True,True,True,8,85.8,38.400001525878906,0.0,76.24,3.96,True
CXW,True,True,True,True,True,True,True,True,8,94.3,33.84000015258789,-0.5,109.8,6.532,True
HVT,True,True,True,True,True,True,True,True,8,71.7,27.57999992370605,-5.19,44.12,3.425,True
PANW,True,True,True,True,True,True,True,True,8,93.9,350.8999938964844,-11.39,147.69,6.859,True
MLAB,True,True,True,True,True,True,True,True,8,86.7,124.31999969482422,-0.35,109.93,3.862,True
ADAM,True,True,True,True,True,True,True,True,8,82.1,9.859999656677246,-3.62,64.65,4.517,True
CBRL,True,True,True,True,True,True,True,True,8,93.3,58.02000045776367,-4.42,136.62,6.205,True
ZD,True,True,True,True,True,True,True,True,8,90.6,55.72999954223633,-0.62,110.22,4.553,True
DGII,True,True,True,True,True,True,True,True,8,90.5,73.91999816894531,-13.28,120.66,7.603,True
ESCA,True,True,True,True,True,True,True,True,8,87.0,21.0,-7.08,89.18,6.147,True
CMT,True,True,True,True,True,True,True,True,8,70.4,25.09000015258789,-11.5,42.88,3.074,True
CZNC,True,True,True,True,True,True,True,True,8,76.2,26.01000022888184,-0.31,43.92,3.364,True
HPE,True,True,True,True,True,True,True,True,8,97.0,52.43000030517578,-12.35,165.94,10.103,True
SSRM,True,True,True,True,True,True,True,True,8,90.9,38.61000061035156,0.0,125.87,2.936,True
ALRS,True,True,True,True,True,True,True,True,8,83.4,32.86000061035156,-3.69,61.98,5.064,True
DIN,True,True,True,True,True,True,True,True,8,81.5,36.119998931884766,-5.77,70.2,3.064,True
MSGE,True,True,True,True,True,True,True,True,8,87.3,79.58999633789062,-9.99,102.73,5.93,True
VG,True,True,True,True,True,True,True,True,8,79.5,14.390000343322754,-17.8,143.74,3.875,True
NWBI,True,True,True,True,True,True,True,True,8,72.6,15.369999885559082,-2.78,41.84,3.23,True
LQDT,True,True,True,True,True,True,True,True,8,88.1,43.22999954223633,-0.8,95.08,5.458,True
GENC,True,True,True,True,True,True,True,True,8,81.2,19.170000076293945,-4.15,56.75,1.921,True
FANG,True,True,True,True,True,True,True,True,8,70.7,205.6000061035156,-2.72,56.51,3.539,True
OPHC,True,True,True,True,True,True,True,True,8,95.4,9.109999656677246,-9.8,132.99,9.733,True
HIW,True,True,True,True,True,True,True,True,8,74.4,31.770000457763672,-6.16,60.0,1.649,True
ZIM,True,True,True,True,True,True,True,True,8,84.6,28.3799991607666,-1.49,135.83,5.817,True
SW,True,True,True,True,True,True,True,True,8,73.3,48.68999862670898,-4.14,52.9,2.071,True
MYE,True,True,True,True,True,True,True,True,8,93.4,33.43000030517578,-9.01,117.0,7.991,True
MG,True,True,True,True,True,True,True,True,8,86.2,19.100000381469727,-2.1,103.41,5.021,True
JAKK,True,True,True,True,True,True,True,True,8,82.0,25.51000022888184,-4.21,76.41,4.005,True
IMAX,True,True,True,True,True,True,True,True,8,90.7,54.790000915527344,0.0,102.55,5.078,True
FIVN,True,True,True,True,True,True,True,True,8,90.0,32.77000045776367,-4.96,140.78,4.179,True
TWLO,True,True,True,True,True,True,True,True,8,92.6,222.58999633789065,-13.03,122.39,7.091,True
EML,True,True,True,True,True,True,True,True,8,76.1,25.6200008392334,-12.45,46.28,1.786,True
GFF,True,True,True,True,True,True,True,True,8,76.7,101.37999725341795,-5.45,53.01,3.048,True
CFFN,True,True,True,True,True,True,True,True,8,74.6,8.529999732971191,-6.3,49.18,4.0,True
AMCX,True,True,True,True,True,True,True,True,8,89.2,12.420000076293944,0.0,90.49,4.775,True
KRNY,True,True,True,True,True,True,True,True,8,84.7,9.81999969482422,0.0,63.32,4.432,True
QUAD,True,True,True,True,True,True,True,True,8,91.8,10.25,-4.57,105.35,6.8,True
HOPE,True,True,True,True,True,True,True,True,8,74.7,13.949999809265137,-3.79,46.42,3.43,True
RELY,True,True,True,True,True,True,True,True,8,89.2,26.59000015258789,-0.3,117.95,5.012,True
HQI,True,True,True,True,True,True,True,True,8,92.4,17.6200008392334,-0.51,134.42,6.354,True
DRH,True,True,True,True,True,True,True,True,8,82.8,12.739999771118164,-4.78,75.06,5.297,True
MCS,True,True,True,True,True,True,True,True,8,96.0,30.90999984741211,-0.67,140.17,9.34,True
SB,True,True,True,True,True,True,True,True,8,91.4,8.649999618530273,0.0,114.71,6.076,True
WT,True,True,True,True,True,True,True,True,8,90.9,23.84000015258789,0.0,123.25,5.988,True
INFU,True,True,True,True,True,True,True,True,8,79.0,11.949999809265137,-4.32,61.05,1.907,True
AMRX,True,True,True,True,True,True,True,True,8,88.4,17.780000686645508,-6.91,91.59,5.898,True
PBT,True,True,True,True,True,True,True,True,8,91.7,34.75,0.0,115.2,6.859,True
NAT,True,True,True,True,True,True,True,True,8,93.6,7.0,-0.28,150.14,7.324,True
UHAL,True,True,True,True,True,True,True,True,8,83.0,71.0999984741211,-5.54,68.52,3.314,True
SFL,True,True,True,True,True,True,True,True,8,74.0,12.260000228881836,-3.08,86.09,5.615,True
JHX,True,True,True,True,True,True,True,True,8,87.4,30.200000762939453,-2.83,80.95,3.458,True
MTW,True,True,True,True,True,True,True,True,8,93.7,19.68000030517578,-5.7,102.26,5.318,True
KFFB,True,True,True,True,True,True,True,True,8,77.4,5.599999904632568,-0.36,78.91,3.749,True
PAYS,True,True,True,True,True,True,True,True,8,98.7,13.649999618530272,-3.12,329.25,11.086,True
CVU,True,True,True,True,True,True,True,True,8,89.7,5.369999885559082,-8.36,161.95,7.373,True
SOTK,True,True,True,True,True,True,True,True,8,73.6,5.329999923706055,-12.91,61.52,1.832,True
BMHL,True,True,True,True,True,True,True,True,8,89.4,5.989999771118164,-2.76,95.11,5.801,True
HLX,True,True,True,True,True,True,True,True,8,73.4,9.970000267028809,-5.5,63.71,3.942,True
CRSR,True,True,True,True,True,True,True,True,8,91.8,10.90999984741211,-23.97,138.21,5.241,True
STGW,True,True,True,True,True,True,True,True,8,91.2,8.880000114440918,-5.03,101.82,6.33,True
FA,True,True,True,True,True,True,True,True,8,90.8,20.690000534057617,-14.22,131.17,5.214,True
CLDT,True,True,True,True,True,True,True,True,8,93.6,13.789999961853027,0.0,128.88,8.17,True
DCTH,True,True,True,True,True,True,True,True,8,92.3,16.75,-3.51,104.52,4.367,True
JAZZ,True,True,True,True,True,True,True,True,8,85.6,254.47000122070312,-2.73,106.7,6.165,True
ZETA,True,True,True,True,True,True,True,True,8,91.8,28.46999931335449,-3.88,95.67,4.228,True
XMAX,True,True,True,True,True,True,True,True,8,97.2,9.029999732971191,-3.32,434.32,4.91,True
BZH,True,True,True,True,True,True,True,True,8,84.5,33.11000061035156,-2.82,83.64,4.279,True
GSAT,True,True,True,True,True,True,True,True,8,90.7,82.11000061035156,-2.75,207.53,5.524,True
TXG,True,True,True,True,True,True,True,True,8,99.5,63.79999923706055,-2.03,462.61,18.434,True
ALOT,True,True,True,True,True,True,True,True,8,98.6,28.90999984741211,-0.14,312.41,15.013,True
IMMR,True,True,True,True,True,True,True,True,8,70.8,7.539999961853027,-2.58,41.32,1.408,True
SLS,True,True,True,True,True,True,True,True,8,99.8,14.329999923706056,-7.31,930.94,19.28,True
NET,True,True,True,True,True,True,True,True,8,86.5,280.3500061035156,-15.26,75.01,3.412,True
VTRS,True,True,True,True,True,True,True,True,8,74.0,16.540000915527344,-6.7,80.47,5.013,True
BFLY,True,True,True,True,True,True,True,True,8,99.4,8.949999809265137,-7.73,496.67,14.843,True
PTEN,True,True,True,True,True,True,True,True,8,90.7,11.859999656677246,-6.87,137.03,5.825,True
MAN,True,True,True,True,True,True,True,True,8,97.1,61.38999938964844,-0.1,143.96,7.839,True
BLZE,True,True,True,True,True,True,True,True,8,98.5,15.550000190734863,-23.89,369.79,10.642,True
TRLV,True,True,True,True,True,True,True,True,8,92.9,11.140000343322754,-14.31,134.03,2.078,True
ABCL,True,True,True,True,True,True,True,True,8,98.4,10.609999656677246,-11.66,281.65,6.7,True
CPIX,True,True,True,True,True,True,True,True,8,99.0,7.840000152587891,-1.51,432.12,14.373,True
ACRS,True,True,True,True,True,True,True,True,8,97.3,6.309999942779541,-2.02,250.56,10.146,True
OSCR,True,True,True,True,True,True,True,True,8,96.1,31.809999465942383,-2.9,193.18,5.768,True
SCL,True,True,True,True,True,True,True,True,8,74.9,62.15999984741211,-6.12,50.49,3.869,True
AXGN,True,True,True,True,True,True,True,True,8,94.0,49.22999954223633,-2.32,232.86,8.372,True
STTK,True,True,True,True,True,True,True,True,8,99.5,7.900000095367432,-0.25,722.92,11.433,True
DRTS,True,True,True,True,True,True,True,True,8,98.8,14.699999809265137,-1.47,365.19,12.753,True
NWL,True,True,True,True,True,True,True,True,8,90.6,6.070000171661377,-4.56,106.19,3.703,True
WEST,True,True,True,True,True,True,True,True,8,85.5,8.4399995803833,-13.26,127.49,6.37,True
SXC,True,True,True,True,True,True,True,True,8,83.8,9.609999656677246,-0.83,74.33,2.139,True
RICK,True,True,True,True,True,True,True,True,8,70.1,30.76000022888184,-17.81,48.18,0.696,True
ANIK,True,True,True,True,True,True,True,True,8,95.6,21.34000015258789,-3.13,154.05,8.699,True
AMN,True,True,True,True,True,True,True,True,8,91.3,34.5099983215332,-5.71,128.54,6.444,True
CYRX,True,True,True,True,True,True,True,True,8,91.9,16.34000015258789,-4.61,111.66,5.117,True
DK,True,True,True,True,True,True,True,True,8,96.5,68.08000183105469,-4.74,184.45,7.479,True
S,True,True,True,True,True,True,True,True,8,76.3,20.81999969482422,-12.67,74.37,2.406,True
PESI,True,True,True,True,True,True,True,True,8,89.2,16.299999237060547,-16.11,99.02,3.556,True
CADL,True,True,True,True,True,True,True,True,8,97.4,12.859999656677246,-4.74,190.95,8.483,True
ATNI,True,True,True,True,True,True,True,True,8,85.4,30.940000534057617,-3.64,126.64,6.201,True
FNKO,True,True,True,True,True,True,True,True,8,93.4,6.869999885559082,0.0,144.48,7.16,True
PLSE,True,True,True,True,True,True,True,True,8,98.5,49.130001068115234,-2.56,288.07,12.2,True
ACHV,True,True,True,True,True,True,True,True,8,96.3,7.940000057220459,-6.92,199.62,5.707,True
CHRD,True,True,True,True,True,True,True,True,8,77.3,144.6699981689453,-2.78,76.0,4.501,True
KRO,True,True,True,True,True,True,True,True,8,89.3,8.710000038146973,0.0,106.86,4.69,True
DSGN,True,True,True,True,True,True,True,True,8,95.2,15.229999542236328,-4.45,192.88,7.314,True
PGEN,True,True,True,True,True,True,True,True,8,93.9,7.170000076293945,-3.63,131.29,6.725,True
LCUT,True,True,True,True,True,True,True,True,8,96.8,9.479999542236328,-4.24,225.93,10.814,True
SGMT,True,True,True,True,True,True,True,True,8,88.4,10.210000038146973,-3.5,124.4,1.711,True
IVZ,True,True,True,True,True,True,True,True,8,82.0,32.45000076293945,-0.37,55.37,3.378,True
RRGB,True,True,True,True,True,True,True,True,8,97.9,10.130000114440918,-4.34,291.12,5.754,True
TBBB,True,True,True,True,True,True,True,True,8,90.2,50.81999969482422,0.0,110.7,4.835,True
SLN,True,True,True,True,True,True,True,True,8,97.8,13.289999961853027,-13.87,209.07,9.17,True
EPC,True,True,True,True,True,True,True,True,8,87.9,28.36000061035156,-4.38,80.84,4.375,True
TBI,True,True,True,True,True,True,True,True,8,97.4,10.670000076293944,-1.66,222.36,7.555,True
HURC,True,True,True,True,True,True,True,True,8,78.6,22.63999938964844,-2.92,54.22,2.42,True
BAX,True,True,True,True,True,True,True,True,8,79.9,26.489999771118164,-6.56,67.75,2.485,True
VREX,True,True,True,True,True,True,True,True,8,92.8,18.520000457763672,-0.32,98.71,3.214,True
ARWR,True,True,True,True,True,True,True,True,8,96.7,86.7300033569336,-3.19,318.78,7.624,True
CLMT,True,True,True,True,True,True,True,True,8,96.7,47.31999969482422,-6.87,196.68,9.458,True
DCO,True,True,True,True,True,True,True,True,8,91.7,183.9600067138672,-11.12,112.89,7.8,True
ATAI,True,True,True,True,True,True,True,True,8,94.2,7.380000114440918,-0.54,120.3,3.432,True
SYRE,True,True,True,True,True,True,True,True,8,99.3,106.6500015258789,-2.08,619.64,15.972,True
IMNM,True,True,True,True,True,True,True,True,8,92.1,28.01000022888184,-6.09,211.57,4.971,True
ORKA,True,True,True,True,True,True,True,True,8,99.4,102.41999816894533,-9.43,605.86,15.859,True
LILA,True,True,True,True,True,True,True,True,8,90.0,8.420000076293945,-3.22,81.2,5.345,True
AIRT,True,True,True,True,True,True,True,True,8,87.2,32.33000183105469,-5.63,76.19,3.238,True
DFTX,True,True,True,True,True,True,True,True,8,99.1,43.27000045776367,-10.69,387.27,15.256,True
VHI,True,True,True,True,True,True,True,True,8,83.4,18.100000381469727,0.0,58.55,1.086,True
BYFC,True,True,True,True,True,True,True,True,8,88.4,11.90999984741211,0.0,108.95,5.328,True
NEOG,True,True,True,True,True,True,True,True,8,90.1,11.600000381469728,-4.53,120.11,6.251,True
FORR,True,True,True,True,True,True,True,True,8,93.5,11.979999542236328,-0.08,137.23,3.804,True
HZO,True,True,True,True,True,True,True,True,8,95.2,52.130001068115234,-0.63,143.26,6.587,True
VIR,True,True,True,True,True,True,True,True,8,88.8,9.90999984741211,-10.64,126.26,3.969,True
CMPS,True,True,True,True,True,True,True,True,8,96.9,14.199999809265137,-5.77,221.27,7.988,True
NGL,True,True,True,True,True,True,True,True,8,91.5,16.329999923706055,-11.06,233.27,8.543,True
ARTV,True,True,True,True,True,True,True,True,8,98.3,11.520000457763672,-13.97,405.26,11.328,True
SRRK,True,True,True,True,True,True,True,True,8,82.2,58.20000076293945,0.0,108.45,4.664,True
CRL,True,True,True,True,True,True,True,True,8,95.4,298.5799865722656,0.0,105.11,4.686,True
HP,True,True,True,True,True,True,True,True,8,87.5,42.4900016784668,-4.45,132.96,4.781,True
EGBN,True,True,True,True,True,True,True,True,8,77.5,28.11000061035156,-3.47,78.11,3.962,True
CODI,True,True,True,True,True,True,True,True,8,85.6,11.550000190734863,-9.13,148.39,4.821,True
INBK,True,True,True,True,True,True,True,True,8,81.6,28.56999969482422,-4.58,66.88,3.932,True
CLDX,True,True,True,True,True,True,True,True,8,89.9,40.56999969482422,-9.58,86.53,4.769,True
HNGE,True,True,True,True,True,True,True,True,8,95.1,89.9800033569336,-1.74,188.68,6.541,True
OC,True,True,True,True,True,True,True,True,8,70.7,146.97000122070312,-7.52,52.51,2.065,True
PCVX,True,True,True,True,True,True,True,True,8,82.9,61.869998931884766,-2.26,104.53,2.899,True
PRAA,True,True,True,True,True,True,True,True,8,85.9,20.170000076293945,-9.27,93.57,2.965,True
KELYA,True,True,True,True,True,True,True,True,8,92.0,16.790000915527344,-1.76,112.09,3.877,True
QMCO,True,True,True,True,True,True,True,True,8,99.0,21.559999465942383,-17.43,400.23,7.653,True
MRNA,True,True,True,True,True,True,True,True,8,99.6,138.88999938964844,-20.35,521.15,11.327,True
TISI,True,True,True,True,True,True,True,True,8,85.7,22.96999931335449,-1.5,81.58,3.318,True
VAC,True,True,True,True,True,True,True,True,8,95.3,114.3499984741211,-8.34,160.48,6.74,True
WKC,True,True,True,True,True,True,True,True,8,83.1,35.619998931884766,-11.5,60.14,4.729,True
CNC,True,True,True,True,True,True,True,True,8,90.4,65.6500015258789,-4.47,131.32,6.317,True
ASH,True,True,True,True,True,True,True,True,8,81.2,73.70999908447266,-3.58,58.64,4.371,True
HELE,True,True,True,True,True,True,True,True,8,81.8,28.57999992370605,-5.43,105.91,4.154,True
TK,True,True,True,True,True,True,True,True,8,78.7,13.350000381469728,0.0,82.68,3.794,True
STRZ,True,True,True,True,True,True,True,True,8,97.2,28.940000534057617,-4.2,234.57,9.271,True
