ticker,scooter_score,scooter_raw,c_ema200_pct,c_roc125,c_ema50_pct,c_roc20,c_rsi14,c_ppo_slope,in_scooter
MU,96.1,52.55460985748922,41.9,117.93,0.36,1.14,48.5,39.16,True
SNDK,97.0,57.921409445605114,39.37,133.84,-1.17,16.81,49.65,22.59,True
DAVE,94.4,45.977742958916494,29.7,109.55,1.08,-12.54,47.18,71.27,True
MPC,95.7,50.903990266280665,47.06,86.85,17.63,16.38,72.85,39.7,True
VLO,94.2,45.34831127088897,43.61,75.08,14.54,13.91,68.02,41.49,True
NUTX,95.3,49.12841539801168,36.89,89.13,14.24,26.16,71.43,33.8,True
ECPG,93.6,42.68706750684828,36.92,77.8,10.91,9.22,61.04,43.98,True
DELL,99.2,100.01461309222547,53.7,263.37,4.08,1.47,48.12,33.04,True
ENVA,92.6,39.9171964521259,37.17,79.46,6.32,-1.71,48.27,36.44,True
EXPE,93.9,43.81094585124042,34.9,71.91,17.57,21.83,69.21,47.98,True
INSW,91.6,37.58577920673245,39.45,56.29,11.19,10.21,64.49,48.59,True
STX,92.8,40.60502707649304,27.36,101.15,-6.52,-2.73,43.25,25.54,True
EAT,96.4,54.22986240348666,52.54,79.9,25.08,29.93,72.0,52.95,True
PSX,92.9,40.76230189790536,41.04,58.73,17.49,17.05,72.79,40.25,True
HUM,95.8,51.576708165716376,28.41,123.02,4.77,1.43,53.79,50.54,True
PARR,91.7,37.959828288765564,31.38,81.16,3.6,-5.48,48.65,40.98,True
PAYC,97.3,60.095939347422586,45.03,93.46,32.13,51.76,79.53,39.78,True
ZBRA,92.5,39.80557013199064,33.94,54.05,17.64,37.31,64.55,38.75,True
IQV,92.2,39.34221849372429,31.06,57.84,18.41,22.05,73.31,58.77,True
TGT,92.1,39.22979225196309,37.69,49.59,18.74,21.99,79.37,59.37,True
PLPC,90.3,34.632036470661355,29.51,57.13,3.95,30.51,48.85,20.6,True
DINO,95.6,50.18242447401339,43.05,96.23,13.69,5.5,62.65,47.73,True
NTAP,93.9,43.69234100140104,35.22,88.63,6.62,10.05,50.33,30.42,True
VIRT,92.6,40.009450468558285,34.13,64.0,13.22,12.64,65.64,68.16,True
NSIT,93.2,41.94938572566723,33.35,75.01,12.75,18.19,59.61,36.42,True
ECO,92.6,39.963348146338106,49.02,43.91,19.43,23.48,67.21,45.78,True
HRB,94.8,47.53786377670923,31.87,83.71,20.69,26.81,69.25,45.5,True
QLYS,96.5,54.987027309753444,38.75,105.53,16.08,32.4,59.38,29.25,True
FLXS,91.4,37.269409180792586,40.52,53.23,11.91,6.28,64.36,63.97,True
ILMN,95.8,51.145125669866616,46.12,81.63,18.75,17.81,71.35,75.4,True
SIMO,90.3,34.606197410714174,23.57,79.68,-6.45,-0.32,45.94,46.99,True
SN,90.7,35.69717854605726,40.85,42.84,14.65,19.45,68.42,41.05,True
ATEX,97.4,61.119829876382006,49.55,137.72,1.47,-3.6,47.07,58.12,True
LPG,92.7,40.256408703236566,42.91,53.09,17.65,16.88,72.01,53.59,True
VCTR,91.9,38.43898450842489,41.43,54.09,15.36,16.38,64.7,35.71,True
AII,93.2,41.880765859785456,36.59,51.77,25.43,36.84,78.77,41.85,True
MRX,92.8,40.49982580638345,35.82,75.47,9.28,9.2,44.51,42.35,True
APA,90.8,35.78975155135029,30.22,52.17,13.7,23.66,66.58,42.74,True
WLY,92.7,40.33146715249756,25.4,84.2,7.13,4.29,57.57,57.17,True
ABNB,92.0,38.81134838385932,34.58,51.37,19.31,29.52,73.46,40.62,True
ITGR,90.0,34.00665301898961,28.93,43.59,14.61,25.82,80.97,42.68,True
GCT,90.6,35.42297447552649,32.31,46.45,17.09,28.95,63.19,34.58,True
PBF,96.4,54.864238545217,53.64,101.75,14.62,11.17,54.66,32.91,True
PDEX,90.0,34.01093560152341,25.44,59.38,7.29,16.77,59.3,39.81,True
MANH,93.1,41.469958196124196,29.52,59.87,21.33,33.83,71.87,55.71,True
ESTC,90.5,35.19095370539376,25.7,47.64,20.72,35.92,67.9,25.91,True
CAKE,96.8,56.622057437525285,60.43,80.35,22.66,32.05,69.66,53.98,True
TNET,95.1,48.61859147957369,26.82,105.15,14.31,8.65,60.79,50.88,True
BDL,93.8,43.46838868045495,40.87,60.08,18.73,32.81,62.48,46.54,True
WDAY,91.0,36.17061516437477,21.03,52.92,22.92,34.98,66.15,39.83,True
AMD,93.9,43.87609901959469,25.14,113.59,-5.71,-7.72,42.46,42.94,True
NBIS,94.0,44.46986678500568,28.91,105.61,-1.86,12.26,47.65,3.47,True
EVER,91.1,36.70394718351952,22.72,71.74,11.54,1.41,64.32,64.16,True
MRVL,98.5,78.20761358336776,38.85,192.72,4.87,21.21,52.93,43.56,True
TGTX,94.0,44.00356950332137,35.1,83.58,11.16,0.47,62.89,70.21,True
HALO,94.2,44.84514943009563,46.3,54.41,24.47,33.33,78.77,40.48,True
FRD,97.7,64.87008867002876,57.88,130.13,15.15,17.26,56.05,16.03,True
QTTB,99.4,110.9221171076243,75.31,263.56,15.08,7.56,58.18,59.12,True
FTNT,93.8,43.415881697774466,27.56,102.03,0.21,-0.26,44.16,46.75,True
CBZ,95.4,49.44242288225467,27.01,96.54,18.21,22.81,76.91,47.57,True
CRDO,90.7,35.4887357276649,21.77,84.23,-3.65,6.95,45.51,18.31,True
ETSY,90.6,35.48826825471755,29.79,59.98,10.77,3.8,62.33,65.05,True
SM,92.2,39.261332790475464,29.29,64.85,14.92,20.33,65.7,48.94,True
AAMI,93.0,41.063376166449025,39.04,69.58,9.93,10.92,61.31,45.67,True
GCBC,90.1,34.146434422304466,28.93,58.04,8.6,5.93,64.52,52.97,True
EHLD,91.1,36.568319388921935,27.91,55.73,17.94,25.92,60.8,37.15,True
RCMT,98.2,73.27102917632959,59.34,124.58,34.33,46.96,84.18,33.84,True
HBB,97.0,58.161056776542324,61.26,76.0,29.03,51.2,78.38,20.58,True
PD,94.7,46.80597885804122,19.22,94.05,18.65,27.05,71.68,47.68,True
HAE,96.3,54.126729617081885,50.39,75.75,28.33,35.65,83.42,50.33,True
BJRI,91.6,37.68811366139885,37.61,66.62,7.92,-2.28,53.65,57.84,True
GEO,97.1,58.30603801679616,35.03,133.02,8.85,4.04,59.56,59.58,True
KFRC,96.4,54.36957937713299,33.96,127.46,6.28,-0.76,52.48,49.8,True
HFBL,91.6,37.51121942577197,39.56,43.27,18.08,15.1,84.57,69.11,True
GWRE,90.4,34.8561499110655,20.01,49.75,22.88,28.54,71.01,53.26,True
CHEF,92.5,39.91081393227864,40.92,56.63,12.66,18.57,64.45,54.76,True
PKOH,93.4,42.51855035996246,43.16,72.36,9.8,14.99,53.21,29.69,True
LTH,91.5,37.48496376253286,34.55,64.2,9.82,4.5,62.53,51.72,True
KRT,97.1,58.83628959983764,56.95,99.04,22.1,18.49,79.13,39.9,True
ALAB,92.8,40.45463583694908,13.3,116.14,-12.64,-1.77,39.02,36.6,True
CTRN,93.7,42.94478546466765,45.83,64.02,14.77,13.96,63.53,50.1,True
OKTA,90.2,34.477819617075795,21.42,84.1,-2.44,-4.7,42.82,35.03,True
ROKU,93.5,42.59628913193254,31.34,80.41,9.5,10.68,74.87,46.03,True
RHI,96.0,52.212632370992196,37.99,100.44,18.32,13.54,66.32,51.78,True
CXW,96.0,52.10571467439752,38.83,105.46,11.55,8.43,60.7,55.73,True
PANW,97.7,62.504322617003616,38.77,147.69,5.33,10.58,48.5,35.11,True
AVAH,97.8,66.41407753410809,66.73,94.05,38.05,41.68,84.77,39.65,True
CBRL,94.7,46.92651266464625,38.2,89.13,11.68,10.66,57.75,49.81,True
GSHD,90.1,34.43935872747452,25.44,45.83,24.85,17.74,66.89,66.53,True
ZD,94.9,47.71724649924881,24.04,110.22,7.02,6.44,58.2,50.21,True
QNST,95.4,49.54252498123572,37.94,85.77,19.76,31.85,63.82,29.96,True
AUGO,90.1,34.189591536017296,40.29,11.2,28.25,58.08,74.56,41.32,True
HPE,98.0,68.9229240217689,46.8,161.35,7.11,8.8,50.99,30.85,True
SSRM,92.0,38.77570226591148,43.34,26.05,27.37,47.0,75.08,60.98,True
MGNI,96.0,52.18395525879313,37.66,101.37,15.34,23.42,61.99,31.24,True
PMTS,97.9,68.46190177915446,51.67,127.19,25.6,39.25,70.78,30.74,True
PGY,95.2,48.916405539862055,21.95,98.91,17.07,28.66,62.2,53.84,True
IRDM,93.6,42.692224933903226,26.93,99.66,-0.39,2.92,44.39,42.37,True
RDVT,92.4,39.718208847749295,31.27,73.13,9.41,11.37,53.75,51.83,True
NTNX,92.9,40.94098190527078,25.1,76.12,15.2,17.29,68.65,45.36,True
RNG,97.4,60.681566944345015,64.83,91.64,27.73,25.17,74.43,41.66,True
OGN,90.0,34.13260997262813,21.42,69.42,3.11,1.7,73.44,49.77,True
RGEN,90.4,34.8457803874573,30.47,34.86,20.4,38.58,76.49,51.49,True
KNSA,95.7,50.8209940425058,49.17,82.48,15.44,24.94,61.71,43.65,True
OPHC,95.7,50.773197343889066,54.83,73.52,19.97,36.58,59.85,15.83,True
OMER,97.8,65.8152713006956,73.95,67.27,45.87,70.37,85.98,34.28,True
VNCE,96.3,54.07680321543708,40.7,117.24,4.16,4.13,51.14,57.87,True
IMAX,91.9,38.349363819006044,39.71,48.76,18.73,21.46,67.76,47.83,True
FIVN,95.4,49.461625795309494,40.26,83.79,19.42,28.26,61.57,40.28,True
TWLO,94.3,45.602162030628676,32.01,95.51,6.06,14.46,52.42,32.94,True
FRSH,94.1,44.64400850672846,24.63,84.22,18.43,21.9,72.09,46.69,True
ASTH,91.3,37.05580620081006,11.56,98.28,-2.76,-0.21,47.08,43.87,True
PATH,94.1,44.5878673814383,32.38,64.06,24.22,42.6,70.51,42.12,True
BWMN,91.5,37.40643215522018,32.04,31.18,28.79,62.14,85.6,10.39,True
AMCX,93.4,42.40502577388473,34.49,69.21,14.6,22.61,66.89,47.36,True
PAY,93.1,41.48894507071942,35.95,61.9,19.63,26.87,59.33,43.88,True
QUAD,90.7,35.69052343963663,37.43,44.53,13.3,21.81,64.96,51.76,True
BVC,97.7,62.83230943927881,64.78,105.78,20.59,29.45,59.17,23.97,True
TWFG,93.7,42.87636614228778,25.54,77.64,17.74,13.97,71.82,71.51,True
RELY,92.1,39.169755892209075,32.43,64.24,12.69,17.34,61.26,52.03,True
HQI,93.2,41.89860715571807,46.21,49.52,24.44,27.77,67.52,39.48,True
MCS,96.9,57.18995707606063,50.45,98.73,18.23,26.27,67.85,47.42,True
SB,90.5,35.27475172955299,38.51,39.98,17.43,16.19,74.35,59.32,True
AERT,98.1,71.484492460708,18.31,198.51,4.16,5.73,51.94,47.15,True
BVS,92.1,39.2591009916481,40.37,60.78,13.15,12.61,57.92,43.07,True
WT,91.0,36.35350857641938,39.45,43.26,16.29,21.12,70.13,48.42,True
NRC,90.9,36.011358567562105,19.14,78.51,6.27,3.06,59.77,46.59,True
DDOG,93.3,42.137223275640316,18.42,116.19,-6.61,-10.36,40.23,45.77,True
OPRT,91.5,37.372977549956005,33.79,47.86,19.21,33.1,66.85,33.78,True
FATN,99.1,96.71109832963673,22.8,275.8,5.03,13.24,46.57,41.26,True
CORT,99.3,106.85682140936906,67.74,237.83,24.61,35.25,71.95,52.22,True
RPD,93.4,42.38468495432505,6.37,99.18,16.14,26.72,56.13,29.66,True
OOMA,92.5,39.883538818738565,28.44,80.0,5.86,2.21,59.69,63.12,True
PBT,95.3,49.259374234101905,44.85,78.47,16.04,26.0,69.11,50.07,True
NAT,90.4,34.95453536445668,36.92,50.59,11.63,8.36,65.94,48.12,True
BLMN,96.6,55.481804847938655,42.51,94.89,22.7,33.96,63.18,52.11,True
FLYW,93.0,41.01945605236668,28.2,72.78,12.34,20.32,63.28,53.25,True
FIGS,91.9,38.28774157919738,32.24,38.78,23.75,53.17,76.65,32.25,True
FBYD,91.3,37.04136844979863,-7.0,117.07,-8.98,3.35,44.77,52.56,True
MTW,91.8,38.02354642039536,46.65,34.06,24.97,35.16,70.15,25.63,True
TRVG,95.4,49.55973070577182,40.93,93.75,11.84,3.33,61.53,76.06,True
PAYS,99.7,140.33842748394065,91.19,314.89,33.88,53.54,77.46,30.53,True
GBTG,91.4,37.2932116648068,16.55,85.88,2.38,0.74,71.53,50.36,True
LQDA,93.4,42.452821015059264,29.97,109.32,-7.32,-16.76,38.58,47.0,True
RFAI,99.8,313.1350304576756,334.34,370.41,255.49,361.07,84.5,100.0,True
OCC,90.8,35.93992412177598,12.36,111.22,-14.73,-10.83,39.31,14.69,True
BMHL,90.4,35.155109591972476,29.83,60.59,7.07,6.21,67.86,52.91,True
CRSR,93.9,43.56241673461338,29.17,100.18,3.66,3.61,47.11,26.18,True
DAO,91.7,37.9079829160888,38.32,62.96,10.24,5.42,51.32,52.14,True
STGW,94.8,47.5352731934503,31.73,96.9,10.27,14.88,58.17,45.33,True
LFST,93.6,42.849189227520114,44.63,70.31,12.93,11.76,57.98,35.27,True
FA,96.0,52.344104129191464,26.06,128.11,4.33,3.4,48.91,49.75,True
FVN,98.6,81.82764471265074,82.06,85.59,72.84,74.8,87.69,100.0,True
TRT,93.7,42.9118416991994,15.67,118.87,-7.47,2.33,42.81,23.61,True
RMAX,94.8,47.54509212256262,34.54,92.22,13.33,27.55,52.56,15.09,True
MGRT,99.9,437.3777747327105,56.26,1386.14,4.2,-3.75,50.31,41.49,True
CLDT,94.5,46.35836364954357,36.66,92.53,8.46,0.07,65.3,61.13,True
APPN,95.1,48.778033714818264,42.19,57.06,34.35,53.31,76.97,40.14,True
DCTH,94.6,46.47311424632532,41.52,68.34,19.48,40.28,63.95,27.06,True
PENG,96.1,52.72329265942814,21.74,150.52,-11.1,-3.45,41.5,23.03,True
ETON,99.6,130.06659142234992,113.64,252.46,44.47,52.28,76.16,38.32,True
HIMS,91.4,37.12013136370981,0.13,101.03,1.72,2.78,50.82,71.1,True
ATRC,94.7,46.94983654104896,45.2,58.25,29.35,31.87,84.16,50.45,True
UTZ,91.6,37.74341095017169,41.55,50.61,22.46,0.92,81.3,50.44,True
TENB,90.9,36.05803888616895,18.21,85.57,0.83,4.62,46.29,35.83,True
ZETA,94.3,45.580077293173076,40.43,67.67,19.04,37.27,61.99,32.11,True
OMDA,95.7,51.008199186494906,28.94,109.03,12.58,17.01,65.07,38.5,True
CLOV,92.4,39.649151032565875,17.8,104.48,-5.01,-3.75,42.0,43.59,True
ROMA,99.1,92.75552789953713,47.32,243.65,3.97,-3.46,54.01,53.73,True
EDRY,99.5,122.29988762198825,140.22,154.08,72.55,108.59,87.68,49.09,True
GTLB,92.7,40.20538030940671,25.11,68.59,19.35,27.83,64.23,36.11,True
CDNA,98.7,83.143239266284,82.38,146.75,26.32,30.64,66.9,50.27,True
PRCH,97.9,67.4026879612703,48.99,131.79,19.59,34.23,62.26,39.63,True
TXG,99.5,120.3274306331138,108.98,234.03,35.62,38.94,70.48,54.32,True
ALOT,98.9,90.36986944093057,61.36,213.56,8.92,0.42,77.51,52.37,True
TTRX,98.7,83.99382492669517,56.49,188.96,15.15,24.42,49.57,38.9,True
CRWD,94.9,47.621806632828765,26.69,117.76,-0.53,5.87,42.01,27.68,True
WYY,92.3,39.44670089453281,4.9,128.54,-16.99,-15.42,35.71,49.82,True
EVC,96.8,56.957601219358935,20.93,176.38,-17.25,-26.81,30.78,56.66,True
SLS,99.3,103.7868844446087,95.19,202.32,24.68,32.2,61.22,58.83,True
BLFS,94.1,44.741606279937216,41.47,64.19,19.01,24.84,78.24,51.08,True
BFLY,98.9,92.11711918765009,66.37,203.39,15.47,26.59,55.57,42.06,True
AXTI,91.5,37.48372777307354,16.41,86.43,-7.99,36.59,46.82,0.0,True
TKNO,99.2,101.40986467927559,57.84,224.78,27.28,51.34,63.85,32.76,True
ADPT,93.1,41.635377946476794,46.23,59.19,15.46,13.35,62.21,51.55,True
IBTA,94.2,45.30870403209004,20.04,87.06,15.63,40.24,61.01,34.99,True
UMAC,93.5,42.53744931868767,36.95,84.6,4.91,19.27,48.88,0.0,True
APPS,98.2,72.08236615963881,51.35,162.59,5.47,25.03,47.73,18.78,True
SMWB,99.2,102.5369287307152,52.83,240.53,31.38,31.63,62.05,39.49,True
MAN,98.2,73.51469276981076,59.95,143.96,25.32,14.38,72.71,54.99,True
AEHR,97.5,61.65001324088199,40.25,145.81,-1.16,24.46,46.77,0.0,True
PUBM,98.1,71.46929188216735,45.57,155.63,16.68,27.91,66.3,22.11,True
BAND,98.4,75.59008085810817,20.99,236.11,-13.2,-18.94,40.95,24.64,True
BLZE,99.5,121.13937042939105,64.9,313.56,6.02,26.32,46.2,8.75,True
CVI,92.2,39.41841798463067,23.18,76.26,13.36,11.98,61.41,54.28,True
RUM,95.5,49.765381687015754,36.53,63.64,33.57,54.97,78.54,50.19,True
TRLV,95.0,48.483204411184104,37.2,74.33,21.05,33.73,72.17,63.92,True
TH,97.9,67.36602152697434,31.21,167.32,5.84,10.75,57.92,48.46,True
NCEW,92.5,39.83848963371993,20.25,101.85,-3.34,-2.68,42.99,39.21,True
INTA,95.9,51.84110771803781,29.07,91.93,27.27,38.95,71.52,40.6,True
CVV,91.8,38.126206909670636,27.03,84.48,0.01,1.68,47.19,41.2,True
ABCL,99.5,121.38139262592843,94.37,229.5,37.56,102.1,65.44,0.0,True
CPIX,98.8,88.66213872705633,84.62,157.92,26.86,43.82,67.15,38.87,True
PRPO,91.2,36.73503945919218,33.54,31.59,26.17,35.78,77.17,80.95,True
FROG,97.4,60.553771413577245,34.96,142.38,6.8,10.97,56.07,37.71,True
LIND,92.1,39.07502131791819,47.33,55.23,10.47,13.56,53.11,40.95,True
TVTX,97.1,58.74211708586639,51.86,111.2,13.99,15.07,63.83,45.44,True
ACRS,95.8,51.191872049863605,48.74,87.8,13.95,17.5,61.65,48.6,True
OSCR,98.0,68.76831685996005,42.56,158.62,9.61,12.24,56.37,46.4,True
AXGN,90.7,35.59558878400521,35.59,51.48,10.8,19.66,59.17,38.93,True
STTK,95.2,48.79200452000348,45.95,84.58,14.15,12.22,60.3,53.28,True
NMAX,91.9,38.309255601629765,-3.03,87.59,20.31,36.87,63.84,23.48,True
DRTS,97.2,59.61112163770913,62.86,98.78,17.08,20.39,63.55,46.38,True
NSP,97.2,59.50812218408534,26.36,146.65,10.53,3.76,55.31,53.9,True
BWIN,93.6,42.62339798505048,21.71,88.55,14.64,14.23,56.58,47.66,True
EOLS,96.8,56.68834464903326,33.22,104.19,25.55,42.07,70.68,35.82,True
AMPL,97.1,59.003138702861975,45.47,92.53,30.21,51.67,71.98,34.41,True
MKDW,99.4,119.4423744129847,9.74,372.34,3.22,-3.9,47.81,50.58,True
SGHT,96.3,53.88357454912389,56.23,59.62,33.76,63.67,73.52,16.79,True
MRVI,99.0,92.59753184612023,78.5,170.19,34.96,26.01,76.87,100.0,True
WEST,91.2,36.78863069720331,26.17,72.95,5.79,7.11,56.78,45.6,True
SXC,91.0,36.546592870971324,22.43,71.91,9.71,7.92,60.39,51.59,True
NEO,94.0,44.16958755096415,40.15,70.05,13.07,24.89,57.74,50.59,True
CLYM,98.6,82.62583432138246,78.91,157.86,21.2,28.23,61.58,22.01,True
ANIK,96.7,56.56120346573605,44.78,96.68,18.13,42.08,63.81,38.04,True
AVTR,91.7,37.80370880931516,29.13,56.53,18.72,21.26,66.03,56.13,True
TNGX,90.6,35.43694335665235,20.45,90.3,-7.91,-8.27,45.33,47.5,True
TEAM,98.6,79.7333996453868,48.13,140.7,43.14,78.71,76.05,20.07,True
ABSI,98.9,90.08286588706532,49.86,226.2,4.37,16.93,49.34,32.03,True
DUKR,99.9,481.23377541758606,17.74,1567.65,-1.96,5.19,50.94,51.73,True
PTRN,94.4,46.08882301309008,17.82,123.98,-3.79,-7.77,44.41,61.2,True
AMN,90.9,35.98520029066763,29.74,69.17,5.59,3.17,52.75,47.21,True
CYRX,94.8,47.300356173123305,32.46,97.58,7.45,7.85,57.45,62.39,True
OESX,98.3,75.06695698786827,79.91,76.53,48.8,103.19,76.41,30.26,True
ATRA,95.2,48.874301091300005,5.36,124.7,6.55,22.7,52.1,57.25,True
GHRS,92.9,40.775492385544425,35.54,83.78,3.99,1.26,45.35,38.48,True
DK,96.4,54.37558768336728,49.45,103.46,14.0,6.05,57.06,52.85,True
IMMX,97.0,57.73713220844006,67.77,60.31,32.19,56.62,69.87,49.98,True
CADL,98.6,78.26927087096009,63.92,152.65,24.71,29.12,65.69,38.8,True
MASS,95.5,49.77665823545369,46.53,60.82,25.96,53.16,73.42,40.62,True
ANL,91.8,38.132497851026194,53.43,39.92,14.31,17.41,62.25,45.14,True
PSNL,98.1,71.71428542194737,73.15,105.79,29.41,42.4,67.31,77.9,True
XMTR,91.2,36.803606148000306,20.86,90.32,-3.5,-1.56,41.63,42.51,True
PLSE,99.1,94.53250480613826,93.04,158.72,37.25,49.83,74.72,44.15,True
ANTX,99.8,155.74290216895275,52.98,441.35,8.05,14.2,47.47,34.67,True
ACHV,96.2,53.34681625915582,54.37,80.87,22.09,28.48,67.26,36.56,True
BRZE,94.4,46.27995728065013,24.94,81.58,21.52,33.73,70.74,50.01,True
NIQ,97.3,59.87556366473515,51.55,67.8,48.39,73.26,88.16,28.26,True
KRO,92.4,39.63337979086417,33.51,49.05,20.99,42.09,65.92,42.15,True
SOPH,97.6,61.89516057318104,60.13,86.12,30.54,49.56,73.43,46.65,True
DSGN,90.2,34.45390024447668,35.16,43.68,12.1,28.2,62.12,33.04,True
PGEN,96.5,54.92580101121737,56.47,80.15,21.05,32.29,62.78,55.99,True
VIA,93.5,42.61845851603486,14.55,72.3,30.41,39.95,76.97,43.25,True
LCUT,98.3,74.21684697547175,41.51,182.05,8.83,7.91,56.59,36.15,True
NVCT,99.0,92.42904260672961,86.06,174.37,27.39,22.16,65.95,71.41,True
HTFL,98.8,85.10393061671913,67.08,120.47,54.66,97.87,87.64,31.58,True
TWST,99.3,109.39778751815862,105.11,190.07,37.96,62.7,66.2,48.7,True
EDSA,94.3,45.63846299976067,-22.1,191.39,-27.92,-17.76,32.74,1.35,True
SGMT,95.0,48.563473753234284,44.57,72.47,22.64,37.05,68.51,21.46,True
ACOG,93.3,42.02337421873319,38.71,62.23,19.68,13.64,65.29,69.57,True
SDGR,91.0,36.16267471025701,18.24,66.11,13.98,22.84,61.84,44.9,True
RLYB,98.4,76.4476321903994,44.86,188.16,5.76,3.0,59.28,45.19,True
RBRK,95.5,49.886691896518904,35.56,92.08,16.7,31.03,62.43,26.23,True
CAI,93.8,43.06075302840041,24.62,43.57,35.7,67.18,80.67,62.76,True
LBRX,97.7,62.57532401697388,65.09,94.79,23.98,38.61,67.27,37.21,True
MGTX,96.3,53.8000828607196,47.79,92.6,19.22,20.57,67.75,46.55,True
RRGB,98.9,90.76887094220815,78.26,172.31,31.95,38.2,68.16,33.32,True
AMLX,99.4,119.28888043846528,133.26,159.35,70.69,95.74,79.65,51.17,True
MXL,98.5,78.05008434357896,16.08,244.0,-16.81,-3.21,41.34,19.22,True
TBBB,90.3,34.7584871041251,36.02,38.1,18.5,25.08,74.67,45.05,True
RLAY,96.5,55.33025403750354,47.69,115.25,6.93,6.01,52.79,37.37,True
U,98.5,76.68605964556268,46.7,152.38,27.92,51.64,75.09,25.49,True
SLN,98.2,71.80143447406155,61.38,149.34,18.8,10.11,56.74,28.22,True
NTRA,93.3,42.288383667766865,42.48,56.41,18.58,27.01,70.13,45.56,True
ELVN,97.5,61.7643220147646,54.42,115.93,14.82,15.96,70.67,50.2,True
KIDS,91.2,36.87748035575925,29.67,55.91,17.01,26.49,62.41,31.17,True
TBI,99.1,96.44896339463507,63.2,210.17,25.13,36.79,66.43,36.5,True
PTGX,94.5,46.31006605401518,46.17,77.05,14.18,14.13,63.11,38.86,True
ECOR,90.8,35.87702994181138,35.15,34.4,20.4,59.5,60.52,0.0,True
SILC,94.6,46.596185401142186,29.69,110.79,-1.52,6.2,47.2,27.81,True
VREX,95.0,48.254680417677235,54.01,37.49,35.31,68.67,90.38,13.78,True
SENS,92.0,39.02784753523441,34.95,13.97,42.01,87.23,74.67,24.63,True
MNPR,94.9,47.80195725351939,46.54,93.27,9.71,0.93,51.77,33.5,True
SI,91.8,37.98356616774484,31.49,67.95,8.96,6.01,58.21,59.92,True
CLMT,93.0,41.17932429400544,46.53,61.78,12.73,14.63,57.57,34.06,True
MBX,95.8,51.40167288176787,63.14,80.75,13.25,8.3,55.0,45.03,True
ATAI,94.2,45.51949147400506,52.29,68.88,15.76,2.93,73.02,54.29,True
XNCR,99.0,92.28454740583058,92.44,145.51,48.69,46.0,80.01,53.91,True
SYRE,98.0,69.6746691467116,60.6,145.45,10.66,6.61,58.07,47.29,True
ORKA,98.7,83.61019994477918,65.05,188.02,10.84,13.55,53.13,27.5,True
ANRO,97.6,62.2612216110638,70.74,87.63,28.61,30.07,75.69,43.3,True
LILA,90.3,34.71145598226948,35.4,53.2,10.54,8.09,57.92,48.81,True
AIRT,90.6,35.307788848887625,35.27,43.05,17.24,19.04,59.05,68.35,True
DFTX,97.9,68.54001380924277,60.62,147.97,6.84,1.45,49.48,44.94,True
SLG,90.2,34.51132393944476,21.4,64.49,10.97,8.79,65.22,50.45,True
RAPP,94.0,44.12008119169256,43.06,70.16,15.25,17.1,65.9,40.1,True
CHYM,94.6,46.76943584277535,39.61,60.06,28.61,49.59,71.45,31.35,True
FDMT,95.1,48.640114849803226,54.04,52.83,30.71,48.27,67.16,27.53,True
URGN,97.5,61.83186050238791,58.09,122.46,13.54,11.34,52.17,26.56,True
IMVT,91.3,37.027928023794146,39.78,58.16,10.92,8.06,54.85,41.12,True
BYFC,90.5,35.253778170653895,33.32,48.87,13.47,17.8,72.97,45.12,True
ARCT,98.8,86.7728223152421,65.3,75.31,85.17,148.96,89.46,100.0,True
FORR,97.2,59.7611104362,39.99,117.03,19.15,25.97,64.01,53.75,True
HZO,97.0,58.285427432478606,58.84,82.85,28.05,43.81,81.26,18.73,True
CMPS,95.1,48.58242455438352,48.17,77.72,12.8,26.0,60.06,39.84,True
NRIX,92.3,39.56899611336352,40.4,63.98,11.9,12.12,57.47,35.56,True
DYN,90.9,36.04715461353534,30.04,67.25,9.16,1.4,59.11,46.41,True
QXL,97.8,66.92981330090795,26.5,177.06,1.34,-0.42,54.15,60.36,True
GKOS,92.7,40.106130199918475,41.49,55.79,15.29,22.21,66.67,39.28,True
KURA,90.0,34.146384856940855,27.84,47.97,18.65,22.17,67.4,38.24,True
GH,93.3,42.181826052908676,41.16,71.05,8.29,12.17,55.09,53.87,True
QURE,96.7,56.215346580304804,53.77,97.5,14.28,24.21,60.27,40.94,True
SNOW,96.1,52.58514937488092,41.66,100.41,13.65,18.27,60.32,43.18,True
SAIH,99.6,132.40037156887232,100.09,275.59,42.27,42.26,73.33,67.02,True
ARTV,97.4,61.104198193496416,46.67,129.48,11.71,11.63,57.61,37.58,True
REPL,97.6,61.98195468178895,67.95,75.96,30.09,70.45,61.24,13.35,True
CGEM,93.7,42.91304924593995,49.82,52.91,20.82,25.19,65.63,38.26,True
DTIL,95.9,51.88699612812939,27.87,111.25,11.12,16.55,61.92,58.1,True
CRL,96.2,53.160863335336145,48.68,79.8,23.15,33.12,77.42,46.09,True
SMTI,94.6,46.67181621947954,36.54,72.59,18.17,33.0,79.35,45.82,True
JXG,92.4,39.73112070679021,-13.48,121.57,-2.6,9.51,54.57,70.74,True
BDSX,96.8,56.813045369343264,58.21,95.01,19.07,14.27,60.28,56.66,True
FIRY,98.0,69.1156753960965,30.1,178.85,1.76,10.41,50.24,41.83,True
DNTH,95.9,51.80510785308046,42.8,108.23,7.38,5.34,52.88,38.86,True
CLDX,90.1,34.36017941579683,25.94,63.33,6.59,13.8,53.75,36.67,True
APGE,94.9,47.67867968663245,44.2,89.13,7.44,0.38,78.34,51.81,True
NXPL,96.7,56.566106248559706,37.96,86.33,31.92,57.14,76.07,42.35,True
TECX,92.3,39.471526876478904,29.44,70.82,12.64,19.14,52.63,39.89,True
FTRE,91.1,36.57929169542563,25.8,77.42,4.34,-4.64,53.6,59.55,True
NGNE,96.6,55.51612368982034,41.4,109.74,14.59,14.5,61.23,54.99,True
FBRX,99.2,100.78701011851402,124.68,170.0,35.92,0.59,84.67,53.45,True
CRNX,96.6,55.7480666070029,62.09,90.43,17.58,1.11,89.63,54.15,True
CHRN,97.3,59.79314881017377,51.54,121.93,6.5,11.4,48.61,52.78,True
AMWL,96.9,57.135196591295305,45.45,119.93,9.91,7.87,58.84,38.24,True
CUE,95.2,48.91155784175715,1.96,174.0,-16.39,-28.83,32.82,25.35,True
IMUX,94.3,45.55868723482814,37.65,83.3,12.28,19.19,53.43,37.69,True
NDLS,98.5,78.13951134797708,44.17,193.82,6.21,10.11,49.31,36.59,True
FCEL,92.8,40.588840468038086,24.17,109.97,-8.9,-12.75,44.39,27.49,True
HNGE,97.6,62.02088114522543,48.07,124.33,13.31,19.8,61.95,44.75,True
KZIA,93.1,41.80231236423852,19.04,101.83,0.88,8.11,49.02,34.78,True
MRDN,95.6,49.98368822192303,15.24,130.47,6.92,3.13,50.3,44.99,True
ARX,96.6,55.554860507257374,29.71,107.82,31.42,34.57,74.12,13.83,True
RVMD,96.7,56.48473659512933,56.07,101.83,12.98,12.5,65.02,40.81,True
PRAA,92.2,39.43860628564197,16.66,86.41,10.49,12.62,59.66,41.34,True
KELYA,94.5,46.43616336826201,39.82,83.28,15.95,7.29,66.71,53.65,True
QMCO,99.8,144.77370140537838,100.87,300.0,45.7,96.54,63.52,0.0,True
MRNA,99.7,141.5892105281839,157.2,174.92,91.45,149.67,68.82,46.88,True
TISI,93.0,41.45896984985865,36.39,55.94,22.84,35.12,72.26,29.03,True
GTE,94.5,46.35327556111825,40.87,61.0,22.29,47.85,67.67,37.77,True
ASTC,95.3,49.04276724279132,-5.05,168.59,-19.97,-1.85,41.67,23.35,True
VAC,96.1,52.5109208504539,38.78,107.98,10.94,15.66,56.15,33.7,True
HPP,95.6,50.35651343876488,12.46,134.24,4.54,0.55,52.82,58.85,True
SKIL,91.3,36.9107606474808,-4.43,96.05,6.91,20.85,56.49,48.75,True
CTEV,98.3,74.92853871524157,21.9,169.57,21.29,67.64,60.08,22.86,True
ADV,96.2,53.33696805675241,-0.59,168.37,-5.85,-11.2,45.66,65.59,True
ASST,98.4,76.50447617668995,-4.14,175.37,45.77,61.85,79.82,100.0,True
AGL,99.8,272.3226955979754,41.45,852.18,-2.63,-4.71,50.92,55.79,True
BGDE,95.5,49.765928131848845,-0.39,126.02,9.88,36.81,52.48,49.0,True
PIII,99.6,124.046050014985,23.12,379.9,-2.84,-4.29,43.99,40.17,True
BBGI,99.4,119.60477985825933,34.66,357.54,-7.13,-6.1,41.73,36.85,True
AGPU,99.7,135.86826687997072,37.7,364.71,26.61,42.44,61.8,33.95,True
ASBP,99.7,134.14598209831698,-52.32,465.94,18.75,12.05,62.28,46.53,True
QH,98.3,75.03339266817026,-63.78,312.87,-14.22,-14.02,44.34,46.49,True
STRZ,98.8,87.51664937722884,44.81,211.85,11.72,17.55,59.75,62.82,True
BUUU,97.3,60.32530618485787,75.65,84.99,22.64,26.03,53.96,42.65,True
MAAS,96.9,57.22716100776217,16.09,161.16,-0.91,-8.72,56.32,53.67,True
