ticker,in_minervini,in_canslim,in_scooter,sources,n_sources,minervini_count,rs_pct,C_yoy,A_cagr,inst_pct,canslim_score,scooter_score,I_accumulation,I_shares_data
AAMI,False,False,True,scooter,1,,,,,,,93.0,True,True
ABCL,True,False,True,minervini+scooter,2,8.0,98.4,,,,,99.5,False,True
ABNB,True,False,True,minervini+scooter,2,8.0,89.0,,,,,92.0,True,True
ABSI,False,False,True,scooter,1,,,,,,,98.9,False,True
ACHV,True,False,True,minervini+scooter,2,8.0,96.3,,,,,96.2,True,True
ACMR,False,True,False,canslim,1,,,179.5,32.4,78.1,3.0,,False,True
ACNB,True,False,False,minervini,1,8.0,80.8,,,,,,True,True
ACOG,False,False,True,scooter,1,,,,,,,93.3,True,True
ACRS,True,False,True,minervini+scooter,2,8.0,97.3,,,,,95.8,False,True
ACU,True,False,False,minervini,1,8.0,89.4,,,,,,True,True
ADAM,True,False,False,minervini,1,8.0,82.1,,,,,,True,True
ADPT,False,False,True,scooter,1,,,,,,,93.1,True,True
ADV,False,False,True,scooter,1,,,,,,,96.2,True,True
AEF,True,False,False,minervini,1,8.0,75.4,,,,,,False,True
AEHR,False,False,True,scooter,1,,,,,,,97.5,False,True
AERT,False,False,True,scooter,1,,,,,,,98.1,True,True
AGL,False,False,True,scooter,1,,,,,,,99.8,True,True
AGM,True,False,False,minervini,1,8.0,76.8,,,,,,False,True
AGPU,False,False,True,scooter,1,,,,,,,99.7,False,True
AGX,False,True,False,canslim,1,,,102.5,61.1,112.5,3.0,,False,True
AGYS,False,True,False,canslim,1,,,88.2,40.9,106.9,3.0,,False,True
AII,False,False,True,scooter,1,,,,,,,93.2,False,True
AIRT,True,False,True,minervini+scooter,2,8.0,87.2,,,,,90.6,True,True
AIZ,True,True,False,minervini+canslim,2,8.0,72.1,30.5,49.7,99.9,3.0,,True,True
ALAB,False,False,True,scooter,1,,,,,,,92.8,True,True
ALL,True,False,False,minervini,1,8.0,71.9,,,,,,True,True
ALOT,True,False,True,minervini+scooter,2,8.0,98.6,,,,,98.9,False,True
ALRS,True,False,False,minervini,1,8.0,83.4,,,,,,True,True
ALSN,True,False,False,minervini,1,8.0,80.6,,,,,,True,True
AMCX,True,False,True,minervini+scooter,2,8.0,89.2,,,,,93.4,True,True
AMD,False,True,True,canslim+scooter,2,,,155.6,46.7,75.4,3.0,93.9,True,True
AMGN,True,False,False,minervini,1,8.0,80.3,,,,,,False,True
AMLX,False,False,True,scooter,1,,,,,,,99.4,False,True
AMN,True,False,True,minervini+scooter,2,8.0,91.3,,,,,90.9,True,True
AMPL,False,False,True,scooter,1,,,,,,,97.1,True,True
AMRX,True,False,False,minervini,1,8.0,88.4,,,,,,False,True
AMWL,False,False,True,scooter,1,,,,,,,96.9,True,True
ANET,True,True,False,minervini+canslim,2,8.0,82.9,35.7,37.1,73.6,3.0,,True,True
ANIK,True,False,True,minervini+scooter,2,8.0,95.6,,,,,96.7,True,True
ANL,False,False,True,scooter,1,,,,,,,91.8,False,True
ANRO,False,False,True,scooter,1,,,,,,,97.6,False,True
ANTX,False,False,True,scooter,1,,,,,,,99.8,True,True
APA,True,False,True,minervini+scooter,2,8.0,89.7,,,,,90.8,True,True
APG,False,True,False,canslim,1,,,25.0,60.5,86.9,3.0,,True,True
APGE,False,False,True,scooter,1,,,,,,,94.9,False,True
APH,False,True,False,canslim,1,,,59.3,29.7,97.0,3.0,,False,True
APPN,False,False,True,scooter,1,,,,,,,95.1,True,True
APPS,False,False,True,scooter,1,,,,,,,98.2,False,True
ARCT,False,False,True,scooter,1,,,,,,,98.8,False,True
ARMK,True,False,False,minervini,1,8.0,83.6,,,,,,True,True
ARTV,True,False,True,minervini+scooter,2,8.0,98.3,,,,,97.4,False,True
ARWR,True,False,False,minervini,1,8.0,96.7,,,,,,False,True
ARX,False,False,True,scooter,1,,,,,,,96.6,True,True
ASBP,False,False,True,scooter,1,,,,,,,99.7,False,True
ASH,True,False,False,minervini,1,8.0,81.2,,,,,,True,True
ASST,False,False,True,scooter,1,,,,,,,98.4,False,True
ASTC,False,False,True,scooter,1,,,,,,,95.3,False,True
ASTH,False,False,True,scooter,1,,,,,,,91.3,True,True
ATAI,True,False,True,minervini+scooter,2,8.0,94.2,,,,,94.2,False,True
ATAT,False,True,False,canslim,1,,,91.4,146.0,77.8,3.0,,True,True
ATEX,False,False,True,scooter,1,,,,,,,97.4,False,True
ATI,True,True,False,minervini+canslim,2,8.0,94.4,55.7,43.7,95.7,3.0,,True,True
ATLO,True,False,False,minervini,1,8.0,81.2,,,,,,True,True
ATNI,True,False,False,minervini,1,8.0,85.4,,,,,,True,True
ATRA,False,False,True,scooter,1,,,,,,,95.2,False,True
ATRC,False,False,True,scooter,1,,,,,,,94.7,False,True
AU,False,True,False,canslim,1,,,48.5,94.1,76.8,3.0,,False,True
AUGO,False,False,True,scooter,1,,,,,,,90.1,False,True
AVAH,False,False,True,scooter,1,,,,,,,97.8,False,True
AVNT,True,False,False,minervini,1,8.0,79.3,,,,,,True,True
AVTR,False,False,True,scooter,1,,,,,,,91.7,True,True
AWR,True,False,False,minervini,1,8.0,70.9,,,,,,True,True
AXGN,True,False,True,minervini+scooter,2,8.0,94.0,,,,,90.7,True,True
AXTI,False,False,True,scooter,1,,,,,,,91.5,True,True
BAC,True,False,False,minervini,1,8.0,70.5,,,,,,True,True
BAND,False,False,True,scooter,1,,,,,,,98.4,False,True
BAX,True,False,False,minervini,1,8.0,79.9,,,,,,False,True
BBGI,False,False,True,scooter,1,,,,,,,99.4,False,True
BDL,True,False,True,minervini+scooter,2,8.0,91.0,,,,,93.8,True,True
BDSX,False,False,True,scooter,1,,,,,,,96.8,False,True
BDX,True,False,False,minervini,1,8.0,71.3,,,,,,True,True
BEN,True,False,False,minervini,1,8.0,81.4,,,,,,True,True
BFH,True,True,False,minervini+canslim,2,8.0,87.7,49.3,34.7,107.0,3.0,,True,True
BFLY,True,False,True,minervini+scooter,2,8.0,99.4,,,,,98.9,True,True
BGC,False,True,False,canslim,1,,,36.4,33.6,87.4,3.0,,False,True
BGDE,False,False,True,scooter,1,,,,,,,95.5,False,True
BHB,True,False,False,minervini,1,8.0,71.9,,,,,,False,True
BIIB,True,False,False,minervini,1,8.0,71.8,,,,,,True,True
BJRI,True,False,True,minervini+scooter,2,8.0,92.9,,,,,91.6,True,True
BKNG,False,True,False,canslim,1,,,130.0,29.4,98.3,3.0,,True,True
BLFS,False,False,True,scooter,1,,,,,,,94.1,True,True
BLMN,False,False,True,scooter,1,,,,,,,96.6,True,True
BLZE,True,False,True,minervini+scooter,2,8.0,98.5,,,,,99.5,False,True
BMHL,True,False,True,minervini+scooter,2,8.0,89.4,,,,,90.4,True,True
BMY,True,False,False,minervini,1,8.0,75.0,,,,,,False,True
BNY,True,True,False,minervini+canslim,2,8.0,83.3,26.9,36.7,87.3,3.0,,True,True
BOBS,False,True,False,canslim,1,,,58.5,64.9,98.6,3.0,,False,True
BOTJ,True,False,False,minervini,1,8.0,85.9,,,,,,False,True
BOW,False,True,False,canslim,1,,,33.3,64.5,94.8,3.0,,False,True
BRZE,False,False,True,scooter,1,,,,,,,94.4,True,True
BUSE,True,False,False,minervini,1,8.0,71.5,,,,,,True,True
BUUU,False,False,True,scooter,1,,,,,,,97.3,True,True
BVC,False,False,True,scooter,1,,,,,,,97.7,False,True
BVS,False,False,True,scooter,1,,,,,,,92.1,True,True
BWFG,True,False,False,minervini,1,8.0,86.0,,,,,,True,True
BWIN,False,False,True,scooter,1,,,,,,,93.6,True,True
BWMN,False,False,True,scooter,1,,,,,,,91.5,True,True
BYFC,True,False,True,minervini+scooter,2,8.0,88.4,,,,,90.5,False,True
BZ,False,True,False,canslim,1,,,110.3,190.8,81.7,3.0,,True,True
BZH,True,False,False,minervini,1,8.0,84.5,,,,,,False,True
CAC,True,False,False,minervini,1,8.0,79.3,,,,,,False,True
CADL,True,False,True,minervini+scooter,2,8.0,97.4,,,,,98.6,True,True
CAI,False,False,True,scooter,1,,,,,,,93.8,True,True
CAKE,True,False,True,minervini+scooter,2,8.0,96.6,,,,,96.8,False,True
CARG,False,True,False,canslim,1,,,145.5,35.7,109.1,3.0,,True,True
CASS,True,False,False,minervini,1,8.0,81.6,,,,,,True,True
CASY,True,False,False,minervini,1,8.0,78.5,,,,,,True,True
CBNA,False,True,False,canslim,1,,,107.1,33.7,67.3,3.0,,True,True
CBOE,False,True,False,canslim,1,,,50.2,68.2,91.7,3.0,,True,True
CBRL,True,False,True,minervini+scooter,2,8.0,93.3,,,,,94.7,True,True
CBZ,False,False,True,scooter,1,,,,,,,95.4,True,True
CDNA,False,False,True,scooter,1,,,,,,,98.7,True,True
CDP,True,False,False,minervini,1,8.0,70.6,,,,,,False,True
CF,True,False,False,minervini,1,8.0,80.7,,,,,,True,True
CFBK,True,False,False,minervini,1,8.0,79.8,,,,,,True,True
CFFI,True,False,False,minervini,1,8.0,72.5,,,,,,False,True
CFFN,True,False,False,minervini,1,8.0,74.6,,,,,,True,True
CFR,True,False,False,minervini,1,8.0,73.1,,,,,,True,True
CGEM,False,False,True,scooter,1,,,,,,,93.7,True,True
CHCI,True,False,False,minervini,1,8.0,74.9,,,,,,False,True
CHEF,True,True,True,minervini+canslim+scooter,3,8.0,92.3,55.1,32.0,100.6,3.0,92.5,True,True
CHMG,True,False,False,minervini,1,8.0,86.2,,,,,,True,True
CHRD,True,False,False,minervini,1,8.0,77.3,,,,,,True,True
CHRN,False,False,True,scooter,1,,,,,,,97.3,False,True
CHWY,False,True,False,canslim,1,,,53.3,63.0,97.9,3.0,,True,True
CHYM,False,False,True,scooter,1,,,,,,,94.6,True,True
CIX,True,False,False,minervini,1,8.0,83.0,,,,,,True,True
CLDT,True,True,True,minervini+canslim+scooter,3,8.0,93.6,85.7,51.8,97.6,3.0,94.5,True,True
CLDX,True,False,True,minervini+scooter,2,8.0,89.9,,,,,90.1,True,True
CLMT,True,False,True,minervini+scooter,2,8.0,96.7,,,,,93.0,True,True
CLOV,False,False,True,scooter,1,,,,,,,92.4,True,True
CLYM,False,False,True,scooter,1,,,,,,,98.6,False,True
CMCL,False,True,False,canslim,1,,,77.8,49.3,65.0,3.0,,False,True
CMPS,True,False,True,minervini+scooter,2,8.0,96.9,,,,,95.1,True,True
CMT,True,False,False,minervini,1,8.0,70.4,,,,,,False,True
CMTV,True,False,False,minervini,1,8.0,84.4,,,,,,True,True
CNC,True,False,False,minervini,1,8.0,90.4,,,,,,True,True
CNK,True,False,False,minervini,1,8.0,85.8,,,,,,True,True
CNO,True,False,False,minervini,1,8.0,76.0,,,,,,True,True
CNS,True,False,False,minervini,1,8.0,72.9,,,,,,True,True
COCO,False,True,False,canslim,1,,,115.8,104.1,95.5,3.0,,True,True
CODI,True,False,False,minervini,1,8.0,85.6,,,,,,True,True
CORT,False,False,True,scooter,1,,,,,,,99.3,False,True
CPAY,True,False,False,minervini,1,8.0,75.9,,,,,,True,True
CPBI,False,True,False,canslim,1,,,51.0,34.4,33.0,3.0,,True,True
CPIX,True,False,True,minervini+scooter,2,8.0,99.0,,,,,98.8,False,True
CRDO,False,False,True,scooter,1,,,,,,,90.7,True,True
CRL,True,False,True,minervini+scooter,2,8.0,95.4,,,,,96.2,True,True
CRM,False,True,False,canslim,1,,,52.2,233.7,88.0,3.0,,True,True
CRNX,False,False,True,scooter,1,,,,,,,96.6,False,True
CRS,False,True,False,canslim,1,,,46.2,109.8,95.5,3.0,,True,True
CRSR,True,False,True,minervini+scooter,2,8.0,91.8,,,,,93.9,True,True
CRUS,False,True,False,canslim,1,,,28.9,36.4,108.2,3.0,,True,True
CRWD,False,False,True,scooter,1,,,,,,,94.9,False,True
CSX,True,False,False,minervini,1,8.0,77.1,,,,,,True,True
CTBI,True,False,False,minervini,1,8.0,77.2,,,,,,True,True
CTEV,False,False,True,scooter,1,,,,,,,98.3,True,True
CTRN,True,False,True,minervini+scooter,2,8.0,95.5,,,,,93.7,True,True
CUE,False,False,True,scooter,1,,,,,,,95.2,False,True
CVI,False,False,True,scooter,1,,,,,,,92.2,True,True
CVSA,False,True,False,canslim,1,,,43.1,50.9,103.5,3.0,,True,True
CVU,True,False,False,minervini,1,8.0,89.7,,,,,,True,True
CVV,False,False,True,scooter,1,,,,,,,91.8,False,True
CXW,True,False,True,minervini+scooter,2,8.0,94.3,,,,,96.0,True,True
CYD,False,True,False,canslim,1,,,53.3,38.8,25.1,3.0,,False,True
CYRX,True,False,True,minervini+scooter,2,8.0,91.9,,,,,94.8,True,True
CZFS,True,False,False,minervini,1,8.0,83.5,,,,,,False,True
CZNC,True,False,False,minervini,1,8.0,76.2,,,,,,True,True
DAC,True,False,False,minervini,1,8.0,84.7,,,,,,False,True
DAO,False,False,True,scooter,1,,,,,,,91.7,True,True
DAR,True,False,False,minervini,1,8.0,85.3,,,,,,True,True
DAVE,False,False,True,scooter,1,,,,,,,94.4,True,True
DCO,True,False,False,minervini,1,8.0,91.7,,,,,,False,True
DCOM,True,False,False,minervini,1,8.0,77.2,,,,,,True,True
DCTH,True,False,True,minervini+scooter,2,8.0,92.3,,,,,94.6,True,True
DDOG,False,False,True,scooter,1,,,,,,,93.3,True,True
DE,True,False,False,minervini,1,8.0,70.6,,,,,,True,True
DELL,True,True,True,minervini+canslim+scooter,3,8.0,98.8,282.5,38.9,75.9,3.0,99.2,True,True
DFTX,True,False,True,minervini+scooter,2,8.0,99.1,,,,,97.9,False,True
DGII,True,True,False,minervini+canslim,2,8.0,90.5,48.1,26.0,107.3,3.0,,True,True
DGX,True,False,False,minervini,1,8.0,74.8,,,,,,False,True
DHT,True,True,False,minervini+canslim,2,8.0,87.0,251.4,52.4,80.3,3.0,,True,True
DIN,True,False,False,minervini,1,8.0,81.5,,,,,,True,True
DINO,True,False,True,minervini+scooter,2,8.0,93.2,,,,,95.6,True,True
DJCO,True,False,False,minervini,1,8.0,81.4,,,,,,False,True
DK,True,False,True,minervini+scooter,2,8.0,96.5,,,,,96.4,True,True
DMLP,True,False,False,minervini,1,8.0,71.3,,,,,,True,True
DNTH,False,False,True,scooter,1,,,,,,,95.9,True,True
DRH,True,False,False,minervini,1,8.0,82.8,,,,,,False,True
DRTS,True,False,True,minervini+scooter,2,8.0,98.8,,,,,97.2,True,True
DSGN,True,False,True,minervini+scooter,2,8.0,95.2,,,,,90.2,True,True
DTIL,False,False,True,scooter,1,,,,,,,95.9,False,True
DUKR,False,False,True,scooter,1,,,,,,,99.9,False,True
DXCM,True,True,False,minervini+canslim,2,8.0,75.8,42.2,36.6,106.3,3.0,,True,True
DXPE,True,False,False,minervini,1,8.0,89.1,,,,,,True,True
DY,False,True,False,canslim,1,,,43.5,26.3,94.5,3.0,,False,True
DYN,False,False,True,scooter,1,,,,,,,90.9,False,True
EAT,True,False,True,minervini+scooter,2,8.0,94.9,,,,,96.4,True,True
ECBK,False,True,False,canslim,1,,,129.4,43.2,30.5,3.0,,True,True
ECO,False,False,True,scooter,1,,,,,,,92.6,False,True
ECOR,False,False,True,scooter,1,,,,,,,90.8,False,True
ECPG,True,False,True,minervini+scooter,2,8.0,94.7,,,,,93.6,True,True
EDRY,False,False,True,scooter,1,,,,,,,99.5,True,True
EDSA,False,False,True,scooter,1,,,,,,,94.3,False,True
EE,False,True,False,canslim,1,,,146.7,35.9,107.6,3.0,,True,True
EGBN,True,False,False,minervini,1,8.0,77.5,,,,,,True,True
EHLD,False,False,True,scooter,1,,,,,,,91.1,True,True
EIX,False,True,False,canslim,1,,,55.1,93.3,95.6,3.0,,True,True
ELMD,False,True,False,canslim,1,,,66.7,48.4,61.1,3.0,,True,True
ELVN,False,False,True,scooter,1,,,,,,,97.5,False,True
EME,False,True,False,canslim,1,,,34.8,51.5,96.4,3.0,,True,True
EML,True,False,False,minervini,1,8.0,76.1,,,,,,True,True
ENVA,False,False,True,scooter,1,,,,,,,92.6,True,True
EOLS,False,False,True,scooter,1,,,,,,,96.8,True,True
EPAC,False,True,False,canslim,1,,,41.5,82.4,103.5,3.0,,True,True
EPC,True,False,False,minervini,1,8.0,87.9,,,,,,True,True
ESCA,True,False,False,minervini,1,8.0,87.0,,,,,,True,True
ESE,False,True,False,canslim,1,,,25.3,54.0,103.3,3.0,,False,True
ESEA,True,False,False,minervini,1,8.0,73.1,,,,,,True,True
ESP,True,True,False,minervini+canslim,2,8.0,75.2,57.1,79.7,36.3,3.0,,False,True
ESTC,False,False,True,scooter,1,,,,,,,90.5,False,True
ETON,False,False,True,scooter,1,,,,,,,99.6,True,True
ETSY,False,False,True,scooter,1,,,,,,,90.6,True,True
EVC,False,False,True,scooter,1,,,,,,,96.8,True,True
EVER,False,False,True,scooter,1,,,,,,,91.1,True,True
EXEL,False,True,False,canslim,1,,,26.2,70.6,107.2,3.0,,True,True
EXPD,True,False,False,minervini,1,8.0,79.6,,,,,,True,True
EXPE,False,False,True,scooter,1,,,,,,,93.9,True,True
EZPW,True,False,False,minervini,1,8.0,89.3,,,,,,True,True
FA,True,False,True,minervini+scooter,2,8.0,90.8,,,,,96.0,True,True
FANG,True,False,False,minervini,1,8.0,70.7,,,,,,True,True
FATN,False,False,True,scooter,1,,,,,,,99.1,False,True
FBIZ,True,False,False,minervini,1,8.0,79.8,,,,,,True,True
FBP,True,False,False,minervini,1,8.0,77.0,,,,,,True,True
FBRX,False,False,True,scooter,1,,,,,,,99.2,False,True
FBYD,False,False,True,scooter,1,,,,,,,91.3,True,True
FCBC,True,False,False,minervini,1,8.0,81.3,,,,,,False,True
FCEL,False,False,True,scooter,1,,,,,,,92.8,False,True
FCFS,True,False,False,minervini,1,8.0,79.8,,,,,,True,True
FCNCA,False,True,False,canslim,1,,,31.1,34.8,68.5,3.0,,True,True
FCX,True,False,False,minervini,1,8.0,88.3,,,,,,True,True
FDBC,True,False,False,minervini,1,8.0,71.2,,,,,,True,True
FDMT,False,False,True,scooter,1,,,,,,,95.1,True,True
FDX,True,False,False,minervini,1,8.0,80.5,,,,,,False,True
FHI,True,False,False,minervini,1,8.0,71.3,,,,,,True,True
FIGS,False,False,True,scooter,1,,,,,,,91.9,True,True
FIRY,False,False,True,scooter,1,,,,,,,98.0,True,True
FISI,True,False,False,minervini,1,8.0,81.3,,,,,,False,True
FIVN,True,False,True,minervini+scooter,2,8.0,90.0,,,,,95.4,True,True
FIX,False,True,False,canslim,1,,,91.9,61.8,95.7,3.0,,False,True
FLXS,True,False,True,minervini+scooter,2,8.0,93.2,,,,,91.4,True,True
FLYW,False,False,True,scooter,1,,,,,,,93.0,True,True
FMAO,True,False,False,minervini,1,8.0,81.0,,,,,,True,True
FMBH,True,False,False,minervini,1,8.0,73.8,,,,,,True,True
FNKO,True,False,False,minervini,1,8.0,93.4,,,,,,True,True
FNLC,True,False,False,minervini,1,8.0,79.2,,,,,,False,True
FNWD,True,False,False,minervini,1,8.0,80.4,,,,,,False,True
FORR,True,False,True,minervini+scooter,2,8.0,93.5,,,,,97.2,True,True
FRD,True,False,True,minervini+scooter,2,8.0,97.3,,,,,97.7,False,True
FRO,True,False,False,minervini,1,8.0,91.1,,,,,,True,True
FROG,False,False,True,scooter,1,,,,,,,97.4,True,True
FRSH,False,False,True,scooter,1,,,,,,,94.1,True,True
FRST,True,False,False,minervini,1,8.0,80.0,,,,,,True,True
FTI,True,False,False,minervini,1,8.0,86.2,,,,,,True,True
FTNT,False,True,True,canslim+scooter,2,,,43.9,31.7,71.7,3.0,93.8,False,True
FTRE,False,False,True,scooter,1,,,,,,,91.1,True,True
FVN,False,False,True,scooter,1,,,,,,,98.6,True,True
FXNC,True,False,False,minervini,1,8.0,71.7,,,,,,True,True
GABC,True,False,False,minervini,1,8.0,70.0,,,,,,False,True
GBTG,False,False,True,scooter,1,,,,,,,91.4,False,True
GCBC,True,False,True,minervini+scooter,2,8.0,89.1,,,,,90.1,True,True
GCT,False,True,True,canslim+scooter,2,,,27.5,81.5,96.8,3.0,90.6,True,True
GDDY,False,True,False,canslim,1,,,29.8,41.6,106.4,3.0,,True,True
GEF,True,False,False,minervini,1,8.0,80.1,,,,,,True,True
GENC,True,False,False,minervini,1,8.0,81.2,,,,,,False,True
GEO,True,False,True,minervini+scooter,2,8.0,94.0,,,,,97.1,True,True
GFF,True,False,False,minervini,1,8.0,76.7,,,,,,True,True
GH,False,False,True,scooter,1,,,,,,,93.3,False,True
GHRS,False,False,True,scooter,1,,,,,,,92.9,False,True
GIC,True,False,False,minervini,1,8.0,80.3,,,,,,True,True
GKOS,False,False,True,scooter,1,,,,,,,92.7,False,True
GNT,True,False,False,minervini,1,8.0,73.0,,,,,,True,True
GOOG,False,True,False,canslim,1,,,294.4,33.3,62.3,3.0,,False,True
GRMN,True,False,False,minervini,1,8.0,76.7,,,,,,True,True
GRND,False,True,False,canslim,1,,,25.0,250.3,23.6,3.0,,True,True
GSAT,True,False,False,minervini,1,8.0,90.7,,,,,,True,True
GSBC,True,False,False,minervini,1,8.0,72.9,,,,,,False,True
GSHD,False,True,True,canslim+scooter,2,,,127.8,226.1,114.8,3.0,90.1,False,True
GSL,True,False,False,minervini,1,8.0,76.5,,,,,,False,True
GTE,False,False,True,scooter,1,,,,,,,94.5,False,True
GTLB,False,False,True,scooter,1,,,,,,,92.7,True,True
GTX,False,True,False,canslim,1,,,26.2,26.5,99.9,3.0,,True,True
GWRE,False,False,True,scooter,1,,,,,,,90.4,True,True
HAE,False,False,True,scooter,1,,,,,,,96.3,False,True
HALO,True,False,True,minervini+scooter,2,8.0,89.9,,,,,94.2,True,True
HBB,False,False,True,scooter,1,,,,,,,97.0,True,True
HELE,True,False,False,minervini,1,8.0,81.8,,,,,,False,True
HFBL,True,False,True,minervini+scooter,2,8.0,91.8,,,,,91.6,True,True
HIG,False,True,False,canslim,1,,,36.0,34.8,96.5,3.0,,True,True
HIMS,False,False,True,scooter,1,,,,,,,91.4,True,True
HIW,True,False,False,minervini,1,8.0,74.4,,,,,,True,True
HLNE,False,True,False,canslim,1,,,50.8,25.3,110.2,3.0,,False,True
HLX,True,False,False,minervini,1,8.0,73.4,,,,,,True,True
HMN,False,True,False,canslim,1,,,42.3,102.5,106.7,3.0,,True,True
HNGE,True,False,True,minervini+scooter,2,8.0,95.1,,,,,97.6,True,True
HOG,True,False,False,minervini,1,8.0,71.9,,,,,,True,True
HOPE,True,False,False,minervini,1,8.0,74.7,,,,,,True,True
HP,True,False,False,minervini,1,8.0,87.5,,,,,,True,True
HPE,True,False,True,minervini+scooter,2,8.0,97.0,,,,,98.0,True,True
HPP,False,False,True,scooter,1,,,,,,,95.6,False,True
HQH,True,False,False,minervini,1,8.0,78.8,,,,,,True,True
HQI,True,False,True,minervini+scooter,2,8.0,92.4,,,,,93.2,True,True
HQL,True,False,False,minervini,1,8.0,83.9,,,,,,True,True
HRB,False,False,True,scooter,1,,,,,,,94.8,True,True
HTFL,False,False,True,scooter,1,,,,,,,98.8,True,True
HTGC,False,True,False,canslim,1,,,55.8,32.8,36.3,3.0,,False,True
HTO,True,False,False,minervini,1,8.0,72.0,,,,,,False,True
HUM,True,False,True,minervini+scooter,2,8.0,89.7,,,,,95.8,True,True
HURC,True,False,False,minervini,1,8.0,78.6,,,,,,False,True
HVT,True,False,False,minervini,1,8.0,71.7,,,,,,True,True
HWM,False,True,False,canslim,1,,,33.0,49.5,93.6,3.0,,True,True
HZO,True,False,True,minervini+scooter,2,8.0,95.2,,,,,97.0,True,True
IBKR,True,True,False,minervini+canslim,2,8.0,78.1,35.3,33.3,88.6,3.0,,False,True
IBTA,False,False,True,scooter,1,,,,,,,94.2,True,True
IDT,True,False,False,minervini,1,8.0,77.3,,,,,,True,True
IESC,False,True,False,canslim,1,,,98.1,118.5,97.7,3.0,,True,True
IEX,True,False,False,minervini,1,8.0,73.5,,,,,,True,True
ILMN,True,False,True,minervini+scooter,2,8.0,94.5,,,,,95.8,True,True
IMAX,True,False,True,minervini+scooter,2,8.0,90.7,,,,,91.9,True,True
IMMR,True,False,False,minervini,1,8.0,70.8,,,,,,True,True
IMMX,False,False,True,scooter,1,,,,,,,97.0,False,True
IMNM,True,False,False,minervini,1,8.0,92.1,,,,,,True,True
IMUX,False,False,True,scooter,1,,,,,,,94.3,False,True
IMVT,False,False,True,scooter,1,,,,,,,91.3,False,True
INBK,True,False,False,minervini,1,8.0,81.6,,,,,,True,True
INCY,True,True,False,minervini+canslim,2,8.0,80.0,37.7,61.6,103.8,3.0,,True,True
INFU,True,True,False,minervini+canslim,2,8.0,79.0,25.0,618.7,84.6,3.0,,True,True
INSW,False,False,True,scooter,1,,,,,,,91.6,True,True
INTA,False,False,True,scooter,1,,,,,,,95.9,True,True
IPAR,True,False,False,minervini,1,8.0,73.2,,,,,,True,True
IQV,False,False,True,scooter,1,,,,,,,92.2,True,True
IRDM,False,False,True,scooter,1,,,,,,,93.6,False,True
ISRG,False,True,False,canslim,1,,,26.5,29.2,89.6,3.0,,False,True
ITGR,True,False,True,minervini+scooter,2,8.0,86.9,,,,,90.0,True,True
IVZ,True,False,False,minervini,1,8.0,82.0,,,,,,True,True
JAKK,True,False,False,minervini,1,8.0,82.0,,,,,,True,True
JAZZ,True,False,False,minervini,1,8.0,85.6,,,,,,False,True
JHX,True,False,False,minervini,1,8.0,87.4,,,,,,False,True
JNJ,True,False,False,minervini,1,8.0,75.3,,,,,,True,True
JXG,False,False,True,scooter,1,,,,,,,92.4,False,True
JYNT,False,True,False,canslim,1,,,599.4,33.4,69.3,3.0,,True,True
KBR,False,True,False,canslim,1,,,33.9,36.6,105.9,3.0,,True,True
KELYA,True,False,True,minervini+scooter,2,8.0,92.0,,,,,94.5,True,True
KFFB,True,False,False,minervini,1,8.0,77.4,,,,,,True,True
KFRC,True,False,True,minervini+scooter,2,8.0,94.8,,,,,96.4,True,True
KFY,True,False,False,minervini,1,8.0,77.9,,,,,,False,True
KIDS,False,False,True,scooter,1,,,,,,,91.2,True,True
KINS,True,False,False,minervini,1,8.0,80.6,,,,,,True,True
KMT,False,True,False,canslim,1,,,939.3,44.7,110.2,3.0,,True,True
KMX,True,False,False,minervini,1,8.0,88.5,,,,,,False,True
KNSA,False,False,True,scooter,1,,,,,,,95.7,True,True
KNSL,False,True,False,canslim,1,,,34.0,46.5,96.9,3.0,,True,True
KRNY,True,False,False,minervini,1,8.0,84.7,,,,,,True,True
KRO,True,False,True,minervini+scooter,2,8.0,89.3,,,,,92.4,True,True
KRT,False,False,True,scooter,1,,,,,,,97.1,True,True
KURA,False,False,True,scooter,1,,,,,,,90.0,True,True
KZIA,False,False,True,scooter,1,,,,,,,93.1,True,True
LAUR,False,True,False,canslim,1,,,50.8,66.4,100.5,3.0,,True,True
LBRX,False,False,True,scooter,1,,,,,,,97.7,True,True
LCNB,True,False,False,minervini,1,8.0,72.7,,,,,,False,True
LCUT,True,False,True,minervini+scooter,2,8.0,96.8,,,,,98.3,True,True
LFST,False,False,True,scooter,1,,,,,,,93.6,False,True
LH,True,False,False,minervini,1,8.0,74.8,,,,,,False,True
LILA,True,False,True,minervini+scooter,2,8.0,90.0,,,,,90.3,True,True
LIND,False,False,True,scooter,1,,,,,,,92.1,False,True
LITE,True,False,False,minervini,1,8.0,98.6,,,,,,False,True
LLY,True,True,False,minervini+canslim,2,8.0,77.2,26.2,51.7,85.5,3.0,,True,True
LNG,False,True,False,canslim,1,,,100.7,62.3,91.8,3.0,,True,True
LPG,False,False,True,scooter,1,,,,,,,92.7,True,True
LQDA,False,False,True,scooter,1,,,,,,,93.4,True,True
LQDT,True,False,False,minervini,1,8.0,88.1,,,,,,True,True
LRN,False,True,False,canslim,1,,,69.9,34.0,116.2,3.0,,True,True
LTH,True,False,True,minervini+scooter,2,8.0,90.8,,,,,91.5,False,True
LWAY,False,True,False,canslim,1,,,30.4,145.7,56.7,3.0,,True,True
LXP,True,False,False,minervini,1,8.0,78.4,,,,,,False,True
MAAS,False,False,True,scooter,1,,,,,,,96.9,True,True
MAMA,False,True,False,canslim,1,,,66.3,29.4,87.9,3.0,,False,True
MAN,True,False,True,minervini+scooter,2,8.0,97.1,,,,,98.2,False,True
MANH,False,False,True,scooter,1,,,,,,,93.1,False,True
MASS,False,False,True,scooter,1,,,,,,,95.5,False,True
MATX,True,False,False,minervini,1,8.0,91.7,,,,,,True,True
MBWM,True,False,False,minervini,1,8.0,71.7,,,,,,False,True
MBX,False,False,True,scooter,1,,,,,,,95.8,True,True
MCS,True,False,True,minervini+scooter,2,8.0,96.0,,,,,96.9,False,True
MD,True,False,False,minervini,1,8.0,80.2,,,,,,True,True
MEDP,False,True,False,canslim,1,,,37.1,28.0,91.5,3.0,,False,True
MG,True,True,False,minervini+canslim,2,8.0,86.2,151.3,36.2,65.5,3.0,,True,True
MGNI,False,False,True,scooter,1,,,,,,,96.0,True,True
MGRT,False,False,True,scooter,1,,,,,,,99.9,True,True
MGTX,False,False,True,scooter,1,,,,,,,96.3,False,True
MHK,False,True,False,canslim,1,,,37.6,147.7,83.0,3.0,,True,True
MITK,False,True,False,canslim,1,,,240.0,39.5,88.7,3.0,,True,True
MKDW,False,False,True,scooter,1,,,,,,,99.4,True,True
MLAB,True,False,False,minervini,1,8.0,86.7,,,,,,False,True
MLKN,True,False,False,minervini,1,8.0,84.3,,,,,,True,True
MLR,True,False,False,minervini,1,8.0,81.5,,,,,,True,True
MNPR,False,False,True,scooter,1,,,,,,,94.9,False,True
MORN,False,True,False,canslim,1,,,35.4,75.5,66.5,3.0,,True,True
MPC,True,False,True,minervini+scooter,2,8.0,94.1,,,,,95.7,True,True
MRDN,False,False,True,scooter,1,,,,,,,95.6,True,True
MRK,True,False,False,minervini,1,8.0,85.5,,,,,,True,True
MRNA,True,False,True,minervini+scooter,2,8.0,99.6,,,,,99.7,True,True
MRVI,False,False,True,scooter,1,,,,,,,99.0,True,True
MRVL,False,False,True,scooter,1,,,,,,,98.5,False,True
MRX,False,True,True,canslim+scooter,2,,,55.4,44.0,80.7,3.0,92.8,False,True
MSGE,True,False,False,minervini,1,8.0,87.3,,,,,,False,True
MTCH,True,False,False,minervini,1,8.0,71.5,,,,,,True,True
MTW,True,False,True,minervini+scooter,2,8.0,93.7,,,,,91.8,True,True
MTZ,False,True,False,canslim,1,,,51.4,129.4,76.3,3.0,,False,True
MU,False,False,True,scooter,1,,,,,,,96.1,True,True
MWA,False,True,False,canslim,1,,,30.3,36.5,103.3,3.0,,True,True
MXF,False,True,False,canslim,1,,,49.8,77.5,66.1,3.0,,True,True
MXL,False,False,True,scooter,1,,,,,,,98.5,True,True
MYE,True,False,False,minervini,1,8.0,93.4,,,,,,False,True
NAT,True,False,True,minervini+scooter,2,8.0,93.6,,,,,90.4,True,True
NBIS,False,False,True,scooter,1,,,,,,,94.0,True,True
NBIX,False,True,False,canslim,1,,,31.1,44.1,102.8,3.0,,True,True
NBR,True,False,False,minervini,1,8.0,87.4,,,,,,True,True
NCEW,False,False,True,scooter,1,,,,,,,92.5,True,True
NDLS,False,False,True,scooter,1,,,,,,,98.5,False,True
NDSN,True,False,False,minervini,1,8.0,77.3,,,,,,True,True
NEO,False,False,True,scooter,1,,,,,,,94.0,True,True
NEOG,True,False,False,minervini,1,8.0,90.1,,,,,,True,True
NET,True,False,False,minervini,1,8.0,86.5,,,,,,False,True
NEXA,False,True,False,canslim,1,,,6234.7,39.3,34.5,3.0,,True,True
NGL,True,False,False,minervini,1,8.0,91.5,,,,,,False,True
NGNE,False,False,True,scooter,1,,,,,,,96.6,False,True
NHC,True,True,False,minervini+canslim,2,8.0,89.8,67.1,74.2,66.8,3.0,,True,True
NIQ,False,False,True,scooter,1,,,,,,,97.3,True,True
NKSH,True,False,False,minervini,1,8.0,77.5,,,,,,True,True
NMAX,False,False,True,scooter,1,,,,,,,91.9,False,True
NMM,True,False,False,minervini,1,8.0,87.3,,,,,,True,True
NPKI,False,True,False,canslim,1,,,27.3,252.3,95.0,3.0,,False,True
NRC,False,False,True,scooter,1,,,,,,,90.9,True,True
NRIM,False,True,False,canslim,1,,,30.8,29.6,76.6,3.0,,False,True
NRIX,False,False,True,scooter,1,,,,,,,92.3,True,True
NSIT,True,False,True,minervini+scooter,2,8.0,89.0,,,,,93.2,True,True
NSP,False,False,True,scooter,1,,,,,,,97.2,True,True
NTAP,True,False,True,minervini+scooter,2,8.0,91.4,,,,,93.9,False,True
NTNX,False,False,True,scooter,1,,,,,,,92.9,True,True
NTRA,False,False,True,scooter,1,,,,,,,93.3,False,True
NTRS,True,False,False,minervini,1,8.0,79.1,,,,,,True,True
NUTX,False,False,True,scooter,1,,,,,,,95.3,True,True
NVCT,False,False,True,scooter,1,,,,,,,99.0,False,True
NVDA,False,True,False,canslim,1,,,214.5,204.2,71.3,3.0,,True,True
NVEC,True,False,False,minervini,1,8.0,89.5,,,,,,True,True
NVGS,False,True,False,canslim,1,,,174.2,28.7,43.9,3.0,,True,True
NWBI,True,False,False,minervini,1,8.0,72.6,,,,,,False,True
NWFL,True,False,False,minervini,1,8.0,71.0,,,,,,False,True
NWL,True,False,False,minervini,1,8.0,90.6,,,,,,True,True
NXPL,False,False,True,scooter,1,,,,,,,96.7,True,True
OBT,True,False,False,minervini,1,8.0,77.0,,,,,,True,True
OC,True,False,False,minervini,1,8.0,70.7,,,,,,True,True
OCC,False,False,True,scooter,1,,,,,,,90.8,True,True
OESX,False,False,True,scooter,1,,,,,,,98.3,False,True
OFG,True,False,False,minervini,1,8.0,71.5,,,,,,False,True
OGN,False,False,True,scooter,1,,,,,,,90.0,False,True
OII,True,False,False,minervini,1,8.0,92.1,,,,,,True,True
OKTA,False,False,True,scooter,1,,,,,,,90.2,True,True
OMDA,False,False,True,scooter,1,,,,,,,95.7,False,True
OMER,False,False,True,scooter,1,,,,,,,97.8,False,True
ONON,False,True,False,canslim,1,,,82.4,50.2,72.7,3.0,,True,True
OOMA,False,False,True,scooter,1,,,,,,,92.5,True,True
OPHC,True,False,True,minervini+scooter,2,8.0,95.4,,,,,95.7,False,True
OPLN,False,True,False,canslim,1,,,113.3,83.8,89.9,3.0,,True,True
OPRT,False,False,True,scooter,1,,,,,,,91.5,False,True
OPY,True,False,False,minervini,1,8.0,86.9,,,,,,False,True
ORKA,True,False,True,minervini+scooter,2,8.0,99.4,,,,,98.7,False,True
OSBC,True,False,False,minervini,1,8.0,79.7,,,,,,True,True
OSCR,True,False,True,minervini+scooter,2,8.0,96.1,,,,,98.0,False,True
OSPN,True,False,False,minervini,1,8.0,75.0,,,,,,True,True
OVV,True,False,False,minervini,1,8.0,84.5,,,,,,True,True
PAA,True,False,False,minervini,1,8.0,76.2,,,,,,True,True
PAG,True,False,False,minervini,1,8.0,81.1,,,,,,True,True
PANW,True,False,True,minervini+scooter,2,8.0,93.9,,,,,97.7,True,True
PARR,True,False,True,minervini+scooter,2,8.0,92.7,,,,,91.7,True,True
PATH,False,False,True,scooter,1,,,,,,,94.1,True,True
PAY,False,False,True,scooter,1,,,,,,,93.1,False,True
PAYC,False,False,True,scooter,1,,,,,,,97.3,True,True
PAYS,True,True,True,minervini+canslim+scooter,3,8.0,98.7,386.9,86.6,54.7,3.0,99.7,False,True
PBF,True,False,True,minervini+scooter,2,8.0,97.2,,,,,96.4,False,True
PBI,False,True,False,canslim,1,,,111.8,58.7,92.1,3.0,,False,True
PBT,True,False,True,minervini+scooter,2,8.0,91.7,,,,,95.3,True,True
PBYI,False,True,False,canslim,1,,,33.3,2396.3,75.6,3.0,,True,True
PCVX,True,False,False,minervini,1,8.0,82.9,,,,,,False,True
PD,False,False,True,scooter,1,,,,,,,94.7,True,True
PDEX,True,False,True,minervini+scooter,2,8.0,88.0,,,,,90.0,True,True
PEBK,True,False,False,minervini,1,8.0,73.8,,,,,,True,True
PEBO,True,False,False,minervini,1,8.0,76.4,,,,,,False,True
PECO,False,True,False,canslim,1,,,230.0,28.4,92.0,3.0,,False,True
PENG,False,False,True,scooter,1,,,,,,,96.1,True,True
PEO,True,False,False,minervini,1,8.0,70.3,,,,,,True,True
PESI,True,False,False,minervini,1,8.0,89.2,,,,,,False,True
PFG,True,False,False,minervini,1,8.0,72.6,,,,,,True,True
PFIS,True,False,False,minervini,1,8.0,81.8,,,,,,True,True
PGEN,True,False,True,minervini+scooter,2,8.0,93.9,,,,,96.5,False,True
PGNY,False,True,False,canslim,1,,,78.9,29.4,111.6,3.0,,True,True
PGY,False,False,True,scooter,1,,,,,,,95.2,False,True
PIII,False,False,True,scooter,1,,,,,,,99.6,True,True
PIPR,False,True,False,canslim,1,,,61.0,34.4,88.5,3.0,,True,True
PKBK,True,False,False,minervini,1,8.0,80.6,,,,,,True,True
PKOH,True,True,True,minervini+canslim+scooter,3,8.0,95.7,30.3,34.9,58.2,3.0,93.4,True,True
PLBC,True,False,False,minervini,1,8.0,78.8,,,,,,True,True
PLGO,False,True,False,canslim,1,,,125.4,101.0,81.6,3.0,,True,True
PLNT,False,True,False,canslim,1,,,26.1,30.5,118.0,3.0,,True,True
PLPC,True,False,True,minervini+scooter,2,8.0,91.9,,,,,90.3,False,True
PLSE,True,False,True,minervini+scooter,2,8.0,98.5,,,,,99.1,False,True
PMTS,False,False,True,scooter,1,,,,,,,97.9,True,True
PNTG,False,True,False,canslim,1,,,25.0,56.3,96.4,3.0,,True,True
PODD,False,True,False,canslim,1,,,328.1,267.7,107.1,3.0,,True,True
PRAA,True,False,True,minervini+scooter,2,8.0,85.9,,,,,92.2,False,True
PRCH,False,False,True,scooter,1,,,,,,,97.9,True,True
PRK,True,False,False,minervini,1,8.0,73.2,,,,,,True,True
PRPO,False,False,True,scooter,1,,,,,,,91.2,True,True
PSNL,False,False,True,scooter,1,,,,,,,98.1,False,True
PSTL,False,True,False,canslim,1,,,25.0,46.3,82.6,3.0,,False,True
PSX,False,False,True,scooter,1,,,,,,,92.9,True,True
PTEN,True,False,False,minervini,1,8.0,90.7,,,,,,True,True
PTGX,False,False,True,scooter,1,,,,,,,94.5,True,True
PTRN,False,False,True,scooter,1,,,,,,,94.4,False,True
PUBM,False,False,True,scooter,1,,,,,,,98.1,True,True
PWP,False,True,False,canslim,1,,,93.7,25.7,112.0,3.0,,False,True
PWR,False,True,False,canslim,1,,,94.7,27.0,94.9,3.0,,False,True
QH,False,False,True,scooter,1,,,,,,,98.3,False,True
QLYS,False,False,True,scooter,1,,,,,,,96.5,True,True
QMCO,True,False,True,minervini+scooter,2,8.0,99.0,,,,,99.8,False,True
QNST,False,False,True,scooter,1,,,,,,,95.4,True,True
QRVO,False,True,False,canslim,1,,,255.6,53.5,99.8,3.0,,False,True
QTTB,False,False,True,scooter,1,,,,,,,99.4,False,True
QUAD,True,False,True,minervini+scooter,2,8.0,91.8,,,,,90.7,True,True
QURE,False,False,True,scooter,1,,,,,,,96.7,False,True
QXL,False,False,True,scooter,1,,,,,,,97.8,False,False
RAPP,False,False,True,scooter,1,,,,,,,94.0,False,True
RBCAA,True,False,False,minervini,1,8.0,79.4,,,,,,True,True
RBRK,False,False,True,scooter,1,,,,,,,95.5,False,True
RCKY,True,False,False,minervini,1,8.0,87.3,,,,,,False,True
RCMT,True,False,True,minervini+scooter,2,8.0,96.4,,,,,98.2,True,True
RDVT,False,True,True,canslim+scooter,2,,,25.0,183.4,63.2,3.0,92.4,False,True
RELY,True,False,True,minervini+scooter,2,8.0,89.2,,,,,92.1,True,True
REPL,False,False,True,scooter,1,,,,,,,97.6,False,True
REPX,True,False,False,minervini,1,8.0,74.2,,,,,,True,True
REX,False,True,False,canslim,1,,,119.6,47.1,84.1,3.0,,True,True
RFAI,False,False,True,scooter,1,,,,,,,99.8,True,True
RGA,False,True,False,canslim,1,,,159.6,32.3,103.8,3.0,,False,True
RGEN,False,False,True,scooter,1,,,,,,,90.4,False,True
RHI,True,False,True,minervini+scooter,2,8.0,92.8,,,,,96.0,True,True
RHP,True,False,False,minervini,1,8.0,79.3,,,,,,True,True
RICK,True,False,False,minervini,1,8.0,70.1,,,,,,True,True
RLAY,False,False,True,scooter,1,,,,,,,96.5,False,True
RLYB,False,False,True,scooter,1,,,,,,,98.4,False,True
RMAX,False,False,True,scooter,1,,,,,,,94.8,False,True
RNG,False,False,True,scooter,1,,,,,,,97.4,True,True
ROAD,False,True,False,canslim,1,,,34.2,64.9,105.7,3.0,,True,True
ROKU,True,False,True,minervini+scooter,2,8.0,90.3,,,,,93.5,False,True
ROMA,False,False,True,scooter,1,,,,,,,99.1,True,True
ROST,True,False,False,minervini,1,8.0,76.3,,,,,,True,True
RPD,False,False,True,scooter,1,,,,,,,93.4,True,True
RPRX,True,False,False,minervini,1,8.0,83.9,,,,,,True,True
RRGB,True,False,True,minervini+scooter,2,8.0,97.9,,,,,98.9,False,True
RUM,False,False,True,scooter,1,,,,,,,95.5,False,True
RVMD,False,False,True,scooter,1,,,,,,,96.7,True,True
RVTY,True,False,False,minervini,1,8.0,77.8,,,,,,True,True
S,True,False,False,minervini,1,8.0,76.3,,,,,,False,True
SAFT,True,False,False,minervini,1,8.0,85.7,,,,,,True,True
SAIH,False,False,True,scooter,1,,,,,,,99.6,False,True
SB,True,False,True,minervini+scooter,2,8.0,91.4,,,,,90.5,False,True
SBFG,True,False,False,minervini,1,8.0,81.0,,,,,,True,True
SBLK,True,False,False,minervini,1,8.0,84.4,,,,,,False,True
SCHW,True,False,False,minervini,1,8.0,71.0,,,,,,True,True
SCL,True,False,False,minervini,1,8.0,74.9,,,,,,True,True
SCSC,True,False,False,minervini,1,8.0,81.3,,,,,,True,True
SDGR,False,False,True,scooter,1,,,,,,,91.0,True,True
SEIC,True,False,False,minervini,1,8.0,78.6,,,,,,False,True
SENEA,True,True,False,minervini+canslim,2,8.0,88.0,33.2,142.7,80.4,3.0,,True,True
SENS,False,False,True,scooter,1,,,,,,,92.0,True,True
SFL,True,False,False,minervini,1,8.0,74.0,,,,,,False,True
SGHT,False,False,True,scooter,1,,,,,,,96.3,True,True
SGMT,True,False,True,minervini+scooter,2,8.0,88.4,,,,,95.0,True,True
SHIP,True,False,False,minervini,1,8.0,92.1,,,,,,True,True
SI,False,False,True,scooter,1,,,,,,,91.8,False,True
SIGI,False,True,False,canslim,1,,,55.1,28.4,90.5,3.0,,True,True
SILC,False,False,True,scooter,1,,,,,,,94.6,True,True
SIMO,False,False,True,scooter,1,,,,,,,90.3,True,True
SKIL,False,False,True,scooter,1,,,,,,,91.3,False,True
SLDE,False,True,False,canslim,1,,,89.3,166.0,51.7,3.0,,False,True
SLG,False,False,True,scooter,1,,,,,,,90.2,True,True
SLN,True,False,True,minervini+scooter,2,8.0,97.8,,,,,98.2,False,True
SLS,True,False,True,minervini+scooter,2,8.0,99.8,,,,,99.3,True,True
SM,True,False,True,minervini+scooter,2,8.0,86.4,,,,,92.2,True,True
SMBK,True,False,False,minervini,1,8.0,80.8,,,,,,False,True
SMCI,False,True,False,canslim,1,,,323.5,46.7,70.5,3.0,,False,True
SMTI,False,False,True,scooter,1,,,,,,,94.6,True,True
SMWB,False,False,True,scooter,1,,,,,,,99.2,True,True
SN,False,False,True,scooter,1,,,,,,,90.7,True,True
SNDK,False,False,True,scooter,1,,,,,,,97.0,True,True
SNOW,False,False,True,scooter,1,,,,,,,96.1,False,True
SOPH,False,False,True,scooter,1,,,,,,,97.6,False,True
SOTK,True,True,False,minervini+canslim,2,8.0,73.6,52.8,40.1,42.9,3.0,,True,True
SPB,True,False,False,minervini,1,8.0,81.0,,,,,,True,True
SPXC,False,True,False,canslim,1,,,40.9,131.5,96.9,3.0,,True,True
SRBK,False,True,False,canslim,1,,,30.0,30.8,35.9,3.0,,True,True
SRCE,True,False,False,minervini,1,8.0,77.7,,,,,,True,True
SRRK,True,False,False,minervini,1,8.0,82.2,,,,,,False,True
SSRM,True,False,True,minervini+scooter,2,8.0,90.9,,,,,92.0,True,True
STBA,True,False,False,minervini,1,8.0,70.6,,,,,,False,True
STGW,True,False,True,minervini+scooter,2,8.0,91.2,,,,,94.8,True,True
STK,True,False,False,minervini,1,8.0,77.6,,,,,,True,True
STRL,False,True,False,canslim,1,,,116.5,39.2,89.7,3.0,,True,True
STRZ,True,False,True,minervini+scooter,2,8.0,97.2,,,,,98.8,True,True
STT,True,False,False,minervini,1,8.0,88.2,,,,,,True,True
STTK,True,False,True,minervini+scooter,2,8.0,99.5,,,,,95.2,False,True
STX,False,False,True,scooter,1,,,,,,,92.8,False,True
SW,True,False,False,minervini,1,8.0,73.3,,,,,,False,True
SWK,True,False,False,minervini,1,8.0,82.2,,,,,,True,True
SXC,True,False,True,minervini+scooter,2,8.0,83.8,,,,,91.0,True,True
SXT,True,False,False,minervini,1,8.0,79.9,,,,,,True,True
SYRE,True,False,True,minervini+scooter,2,8.0,99.3,,,,,98.0,True,True
TBBB,True,False,True,minervini+scooter,2,8.0,90.2,,,,,90.3,False,True
TBI,True,False,True,minervini+scooter,2,8.0,97.4,,,,,99.1,True,True
TDC,False,True,False,canslim,1,,,433.3,63.3,135.8,3.0,,True,True
TDS,False,True,False,canslim,1,,,2478.6,26.2,101.3,3.0,,True,True
TDW,True,False,False,minervini,1,8.0,82.0,,,,,,False,True
TEAM,False,False,True,scooter,1,,,,,,,98.6,True,True
TECX,False,False,True,scooter,1,,,,,,,92.3,True,True
TEN,True,False,False,minervini,1,8.0,86.4,,,,,,True,True
TENB,False,False,True,scooter,1,,,,,,,90.9,True,True
TGT,True,False,True,minervini+scooter,2,8.0,91.4,,,,,92.1,False,True
TGTX,True,False,True,minervini+scooter,2,8.0,92.7,,,,,94.0,True,True
TH,False,False,True,scooter,1,,,,,,,97.9,False,True
THC,True,True,False,minervini+canslim,2,8.0,87.6,213.4,59.9,102.4,3.0,,True,True
THFF,True,False,False,minervini,1,8.0,78.3,,,,,,False,True
THG,True,False,False,minervini,1,8.0,73.3,,,,,,True,True
TILE,True,True,False,minervini+canslim,2,8.0,82.6,60.0,81.1,107.5,3.0,,True,True
TISI,True,False,True,minervini+scooter,2,8.0,85.7,,,,,93.0,False,True
TK,True,False,False,minervini,1,8.0,78.7,,,,,,True,True
TKNO,False,False,True,scooter,1,,,,,,,99.2,True,True
TMP,True,False,False,minervini,1,8.0,79.4,,,,,,False,True
TNET,False,False,True,scooter,1,,,,,,,95.1,True,True
TNGX,False,False,True,scooter,1,,,,,,,90.6,False,True
TNK,True,False,False,minervini,1,8.0,86.5,,,,,,True,True
TPC,True,False,False,minervini,1,8.0,77.5,,,,,,True,True
TPG,False,True,False,canslim,1,,,525.3,25.9,92.4,3.0,,True,True
TRGP,True,False,False,minervini,1,8.0,84.7,,,,,,True,True
TRIN,True,False,False,minervini,1,8.0,77.4,,,,,,True,True
TRLV,True,False,True,minervini+scooter,2,8.0,92.9,,,,,95.0,True,True
TRN,False,True,False,canslim,1,,,605.9,62.6,98.3,3.0,,False,True
TRST,True,False,False,minervini,1,8.0,81.1,,,,,,True,True
TRT,False,False,True,scooter,1,,,,,,,93.7,False,True
TRV,True,False,False,minervini,1,8.0,74.1,,,,,,True,True
TRVG,False,False,True,scooter,1,,,,,,,95.4,True,True
TSBK,True,False,False,minervini,1,8.0,75.9,,,,,,False,True
TTRX,False,False,True,scooter,1,,,,,,,98.7,True,True
TVTX,False,False,True,scooter,1,,,,,,,97.1,True,True
TWFG,False,False,True,scooter,1,,,,,,,93.7,True,True
TWLO,True,False,True,minervini+scooter,2,8.0,92.6,,,,,94.3,True,True
TWN,True,False,False,minervini,1,8.0,90.9,,,,,,True,True
TWST,False,False,True,scooter,1,,,,,,,99.3,True,True
TX,True,False,False,minervini,1,8.0,84.4,,,,,,True,True
TXG,True,False,True,minervini+scooter,2,8.0,99.5,,,,,99.5,True,True
U,False,False,True,scooter,1,,,,,,,98.5,False,True
UAN,True,False,False,minervini,1,8.0,76.9,,,,,,False,True
UDR,False,True,False,canslim,1,,,90.9,63.2,108.4,3.0,,True,True
UFCS,True,True,False,minervini+canslim,2,8.0,84.1,48.3,96.6,70.6,3.0,,False,True
UFPT,True,False,False,minervini,1,8.0,80.9,,,,,,True,True
UHAL,True,False,False,minervini,1,8.0,83.0,,,,,,True,True
UMAC,False,False,True,scooter,1,,,,,,,93.5,False,True
UNF,True,False,False,minervini,1,8.0,84.1,,,,,,False,True
UNP,True,False,False,minervini,1,8.0,74.6,,,,,,True,True
UPBD,False,True,False,canslim,1,,,42.3,81.2,101.4,3.0,,True,True
URGN,False,False,True,scooter,1,,,,,,,97.5,False,True
USAC,False,True,False,canslim,1,,,40.9,54.3,37.7,3.0,,True,True
USB,True,False,False,minervini,1,8.0,71.4,,,,,,False,True
USFD,False,True,False,canslim,1,,,29.2,42.8,111.5,3.0,,True,True
UTZ,False,False,True,scooter,1,,,,,,,91.6,False,True
UVE,True,False,False,minervini,1,8.0,82.7,,,,,,True,True
VAC,True,False,True,minervini+scooter,2,8.0,95.3,,,,,96.1,True,True
VCTR,False,False,True,scooter,1,,,,,,,91.9,True,True
VG,True,False,False,minervini,1,8.0,79.5,,,,,,True,True
VHI,True,False,False,minervini,1,8.0,83.4,,,,,,True,True
VIA,False,False,True,scooter,1,,,,,,,93.5,True,True
VIR,True,False,False,minervini,1,8.0,88.8,,,,,,True,True
VIRT,True,False,True,minervini+scooter,2,8.0,90.3,,,,,92.6,True,True
VLO,True,False,True,minervini+scooter,2,8.0,94.6,,,,,94.2,True,True
VNCE,False,False,True,scooter,1,,,,,,,96.3,True,True
VOYA,True,False,False,minervini,1,8.0,80.7,,,,,,True,True
VREX,True,False,True,minervini+scooter,2,8.0,92.8,,,,,95.0,True,True
VRT,False,True,False,canslim,1,,,53.0,340.1,84.4,3.0,,False,True
VRTX,True,False,False,minervini,1,8.0,74.1,,,,,,False,True
VSXY,True,False,False,minervini,1,8.0,97.7,,,,,,False,True
VTRS,True,False,False,minervini,1,8.0,74.0,,,,,,True,True
WAB,True,False,False,minervini,1,8.0,78.0,,,,,,True,True
WASH,True,False,False,minervini,1,8.0,82.1,,,,,,False,True
WDAY,False,False,True,scooter,1,,,,,,,91.0,True,True
WELL,False,True,False,canslim,1,,,35.6,66.7,101.4,3.0,,False,True
WEST,True,False,True,minervini+scooter,2,8.0,85.5,,,,,91.2,True,True
WEX,True,False,False,minervini,1,8.0,80.8,,,,,,True,True
WEYS,True,False,False,minervini,1,8.0,87.9,,,,,,True,True
WFC,False,True,False,canslim,1,,,25.0,25.9,78.8,3.0,,True,True
WKC,True,False,False,minervini,1,8.0,83.1,,,,,,True,True
WLY,True,True,True,minervini+canslim+scooter,3,8.0,87.8,108.8,134.3,105.0,3.0,92.7,False,True
WRLD,False,True,False,canslim,1,,,343.3,26.9,92.3,3.0,,False,True
WSBC,True,False,False,minervini,1,8.0,73.7,,,,,,True,True
WSBF,True,False,False,minervini,1,8.0,77.9,,,,,,False,True
WSFS,True,False,False,minervini,1,8.0,74.8,,,,,,True,True
WSM,True,False,False,minervini,1,8.0,72.7,,,,,,True,True
WST,True,False,False,minervini,1,8.0,77.8,,,,,,True,True
WT,True,True,True,minervini+canslim+scooter,3,8.0,90.9,64.7,34.2,112.3,3.0,91.0,True,True
WTBA,True,False,False,minervini,1,8.0,78.3,,,,,,True,True
WTS,True,False,False,minervini,1,8.0,75.6,,,,,,True,True
WWD,False,True,False,canslim,1,,,36.4,38.4,93.2,3.0,,True,True
WYY,False,False,True,scooter,1,,,,,,,92.3,True,True
XMAX,True,False,False,minervini,1,8.0,97.2,,,,,,True,True
XMTR,False,False,True,scooter,1,,,,,,,91.2,False,True
XNCR,False,False,True,scooter,1,,,,,,,99.0,True,True
ZBH,False,True,False,canslim,1,,,33.8,47.8,111.4,3.0,,True,True
ZBRA,False,False,True,scooter,1,,,,,,,92.5,True,True
ZD,True,False,True,minervini+scooter,2,8.0,90.6,,,,,94.9,True,True
ZETA,True,False,True,minervini+scooter,2,8.0,91.8,,,,,94.3,True,True
ZIM,True,False,False,minervini,1,8.0,84.6,,,,,,False,True
ZM,False,True,False,canslim,1,,,75.3,162.9,79.3,3.0,,True,True
ZWS,False,True,False,canslim,1,,,131.0,42.2,92.3,3.0,,True,True
