ticker,in_glb_breakout,glb_level,glb_detection_date,glb_days_since_pivot,as_of
AAPL,False,344.273,2026-07-29,18.0,2026-08-24
ABNB,False,,,,2026-08-24
ADBE,False,,,,2026-08-24
ADI,False,445.91,2026-06-22,44.0,2026-08-24
ADP,False,,,,2026-08-24
ADSK,False,,,,2026-08-24
AEP,False,139.518,2026-07-07,34.0,2026-08-24
ALAB,False,499.476,2026-06-30,38.0,2026-08-24
ALNY,False,,,,2026-08-24
AMAT,False,739.67,2026-06-30,38.0,2026-08-24
AMD,False,584.73,2026-06-30,38.0,2026-08-24
AMGN,False,,,,2026-08-24
AMZN,False,287.2,2026-08-03,15.0,2026-08-24
APP,False,,,,2026-08-24
ARM,False,452.7,2026-06-18,45.0,2026-08-24
AVGO,False,494.218,2026-06-03,56.0,2026-08-24
AXON,False,665.07,2026-07-07,34.0,2026-08-24
BKNG,False,,,,2026-08-24
BKR,False,69.918,2026-04-27,82.0,2026-08-24
CCEP,False,113.67,2026-07-28,19.0,2026-08-24
CDNS,False,416.69,2026-06-02,57.0,2026-08-24
CEG,False,,,,2026-08-24
CMCSA,False,,,,2026-08-24
COST,False,1094.759,2026-05-19,66.0,2026-08-24
CPRT,False,,,,2026-08-24
CRWD,False,,,,2026-08-24
CRWV,False,138.25,2026-05-06,75.0,2026-08-24
CSCO,False,129.884,2026-06-04,55.0,2026-08-24
CSX,False,53.6,2026-07-27,20.0,2026-08-24
CTAS,False,218.602,2026-07-29,18.0,2026-08-24
DASH,False,,,,2026-08-24
DDOG,False,292.72,2026-08-05,13.0,2026-08-24
DXCM,False,,,,2026-08-24
EXC,False,50.178,2026-03-17,110.0,2026-08-24
FANG,False,212.168,2026-05-04,77.0,2026-08-24
FAST,False,,,,2026-08-24
FTNT,False,172.09,2026-08-05,13.0,2026-08-24
GEHC,False,,,,2026-08-24
GILD,False,,,,2026-08-24
GOOG,False,404.227,2026-05-18,67.0,2026-08-24
HON,False,258.086,2026-03-02,121.0,2026-08-24
IDXX,False,,,,2026-08-24
INTC,False,142.35,2026-06-30,38.0,2026-08-24
INTU,False,,,,2026-08-24
ISRG,False,,,,2026-08-24
KDP,False,33.82,2026-06-29,39.0,2026-08-24
KHC,False,28.09,2026-07-29,18.0,2026-08-24
KLAC,False,307.023,2026-06-30,38.0,2026-08-24
LIN,False,548.2,2026-07-07,34.0,2026-08-24
LITE,False,1085.68,2026-05-12,71.0,2026-08-24
LRCX,False,438.5,2026-06-30,38.0,2026-08-24
MAR,False,410.98,2026-06-15,48.0,2026-08-24
MCHP,False,105.381,2026-05-08,73.0,2026-08-24
MDLZ,False,66.65,2026-07-29,18.0,2026-08-24
MELI,False,,,,2026-08-24
META,False,,,,2026-08-24
MNST,False,100.34,2026-07-17,25.0,2026-08-24
MPWR,False,1711.479,2026-05-26,62.0,2026-08-24
MRVL,False,329.799,2026-06-18,45.0,2026-08-24
MSFT,False,513.73,2026-08-10,10.0,2026-08-24
MSTR,False,,,,2026-08-24
MU,False,1254.807,2026-06-25,41.0,2026-08-24
NBIS,False,299.86,2026-06-22,44.0,2026-08-24
NFLX,False,,,,2026-08-24
NVDA,False,236.265,2026-05-14,69.0,2026-08-24
NXPI,False,338.801,2026-05-27,61.0,2026-08-24
ODFL,False,252.03,2026-06-09,52.0,2026-08-24
ORLY,False,,,,2026-08-24
PANW,False,,,,2026-08-24
PAYX,False,,,,2026-08-24
PCAR,False,138.872,2026-07-28,19.0,2026-08-24
PDD,False,,,,2026-08-24
PEP,False,,,,2026-08-24
PLTR,False,,,,2026-08-24
PYPL,False,,,,2026-08-24
QCOM,False,258.964,2026-05-29,59.0,2026-08-24
REGN,False,,,,2026-08-24
RKLB,False,151.0,2026-05-27,61.0,2026-08-24
ROP,False,,,,2026-08-24
ROST,False,257.0,2026-08-03,15.0,2026-08-24
SBUX,False,108.606,2026-07-17,26.0,2026-08-24
SHOP,False,,,,2026-08-24
SNDK,False,2354.39,2026-06-22,44.0,2026-08-24
SNPS,False,539.48,2026-05-26,62.0,2026-08-24
STX,False,1144.184,2026-06-18,45.0,2026-08-24
TER,False,487.91,2026-06-30,38.0,2026-08-24
TMUS,False,,,,2026-08-24
TSLA,False,,,,2026-08-24
TTWO,False,265.94,2026-07-07,34.0,2026-08-24
TXN,False,332.328,2026-06-22,44.0,2026-08-24
VRTX,False,,,,2026-08-24
WBD,False,,,,2026-08-24
WDAY,False,,,,2026-08-24
WDC,False,799.87,2026-06-18,45.0,2026-08-24
WMT,False,135.16,2026-05-19,66.0,2026-08-24
XEL,False,83.222,2026-05-01,78.0,2026-08-24
