ticker,as_of,in_cup_handle_strict,cup_handle_stage_strict,cup_handle_quality_score_strict,cup_depth_pct_strict,handle_depth_pct_strict,cup_handle_target_price_strict,cup_handle_stop_loss_strict
A,2026-08-24,False,,,,,,
AAPL,2026-08-24,False,,,,,,
ABBV,2026-08-24,False,,,,,,
ABNB,2026-08-24,False,,,,,,
ABT,2026-08-24,False,,,,,,
ACGL,2026-08-24,False,,,,,,
ACN,2026-08-24,False,,,,,,
ADBE,2026-08-24,False,,,,,,
ADI,2026-08-24,False,,,,,,
ADM,2026-08-24,False,,,,,,
ADP,2026-08-24,False,,,,,,
ADSK,2026-08-24,False,,,,,,
AEE,2026-08-24,False,,,,,,
AEP,2026-08-24,False,,,,,,
AES,2026-08-24,False,,,,,,
AFL,2026-08-24,False,,,,,,
AIG,2026-08-24,False,,,,,,
AIZ,2026-08-24,False,,,,,,
AJG,2026-08-24,False,,,,,,
AKAM,2026-08-24,False,,,,,,
ALB,2026-08-24,False,,,,,,
ALGN,2026-08-24,False,,,,,,
ALL,2026-08-24,False,,,,,,
ALLE,2026-08-24,False,,,,,,
AMAT,2026-08-24,False,,,,,,
AMCR,2026-08-24,False,,,,,,
AMD,2026-08-24,False,,,,,,
AME,2026-08-24,False,,,,,,
AMGN,2026-08-24,False,,,,,,
AMP,2026-08-24,False,,,,,,
AMT,2026-08-24,False,,,,,,
AMZN,2026-08-24,False,,,,,,
ANET,2026-08-24,False,,,,,,
AON,2026-08-24,False,,,,,,
AOS,2026-08-24,False,,,,,,
APA,2026-08-24,False,,,,,,
APD,2026-08-24,False,,,,,,
APH,2026-08-24,False,,,,,,
APO,2026-08-24,False,,,,,,
APP,2026-08-24,False,,,,,,
APTV,2026-08-24,False,,,,,,
ARE,2026-08-24,False,,,,,,
ARES,2026-08-24,False,,,,,,
ATO,2026-08-24,False,,,,,,
AVB,2026-08-24,False,,,,,,
AVGO,2026-08-24,False,,,,,,
AVY,2026-08-24,False,,,,,,
AWK,2026-08-24,False,,,,,,
AXON,2026-08-24,False,,,,,,
AXP,2026-08-24,False,,,,,,
AZO,2026-08-24,False,,,,,,
BA,2026-08-24,False,,,,,,
BAC,2026-08-24,False,,,,,,
BALL,2026-08-24,False,,,,,,
BAX,2026-08-24,False,,,,,,
BBY,2026-08-24,False,,,,,,
BDX,2026-08-24,False,,,,,,
BEN,2026-08-24,False,,,,,,
BG,2026-08-24,False,,,,,,
BIIB,2026-08-24,False,,,,,,
BKNG,2026-08-24,False,,,,,,
BKR,2026-08-24,False,,,,,,
BLDR,2026-08-24,False,,,,,,
BLK,2026-08-24,False,,,,,,
BMY,2026-08-24,False,,,,,,
BNY,2026-08-24,False,,,,,,
BR,2026-08-24,False,,,,,,
BRO,2026-08-24,False,,,,,,
BSX,2026-08-24,False,,,,,,
BX,2026-08-24,False,,,,,,
BXP,2026-08-24,False,,,,,,
C,2026-08-24,False,,,,,,
CAG,2026-08-24,False,,,,,,
CAH,2026-08-24,False,,,,,,
CARR,2026-08-24,False,,,,,,
CASY,2026-08-24,False,,,,,,
CAT,2026-08-24,False,,,,,,
CB,2026-08-24,False,,,,,,
CBOE,2026-08-24,False,,,,,,
CBRE,2026-08-24,False,,,,,,
CCI,2026-08-24,False,,,,,,
CCL,2026-08-24,False,,,,,,
CDNS,2026-08-24,False,,,,,,
CDW,2026-08-24,False,,,,,,
CEG,2026-08-24,False,,,,,,
CF,2026-08-24,False,,,,,,
CFG,2026-08-24,False,,,,,,
CHD,2026-08-24,False,,,,,,
CHRW,2026-08-24,False,,,,,,
CHTR,2026-08-24,False,,,,,,
CI,2026-08-24,False,,,,,,
CIEN,2026-08-24,False,,,,,,
CINF,2026-08-24,False,,,,,,
CL,2026-08-24,False,,,,,,
CLX,2026-08-24,False,,,,,,
CMCSA,2026-08-24,False,,,,,,
CME,2026-08-24,False,,,,,,
CMG,2026-08-24,False,,,,,,
CMI,2026-08-24,False,,,,,,
CMS,2026-08-24,False,,,,,,
CNC,2026-08-24,False,,,,,,
CNP,2026-08-24,False,,,,,,
COF,2026-08-24,False,,,,,,
COHR,2026-08-24,False,,,,,,
COIN,2026-08-24,False,,,,,,
COO,2026-08-24,False,,,,,,
COP,2026-08-24,False,,,,,,
COR,2026-08-24,False,,,,,,
COST,2026-08-24,False,,,,,,
CPAY,2026-08-24,False,,,,,,
CPRT,2026-08-24,False,,,,,,
CPT,2026-08-24,False,,,,,,
CRH,2026-08-24,False,,,,,,
CRL,2026-08-24,False,,,,,,
CRM,2026-08-24,False,,,,,,
CRWD,2026-08-24,False,,,,,,
CSCO,2026-08-24,False,,,,,,
CSGP,2026-08-24,False,,,,,,
CSX,2026-08-24,False,,,,,,
CTAS,2026-08-24,False,,,,,,
CTSH,2026-08-24,False,,,,,,
CTVA,2026-08-24,False,,,,,,
CVNA,2026-08-24,False,,,,,,
CVS,2026-08-24,False,,,,,,
CVX,2026-08-24,False,,,,,,
D,2026-08-24,False,,,,,,
DAL,2026-08-24,False,,,,,,
DASH,2026-08-24,False,,,,,,
DD,2026-08-24,False,,,,,,
DDOG,2026-08-24,False,,,,,,
DE,2026-08-24,False,,,,,,
DECK,2026-08-24,False,,,,,,
DELL,2026-08-24,False,,,,,,
DG,2026-08-24,False,,,,,,
DGX,2026-08-24,False,,,,,,
DHI,2026-08-24,False,,,,,,
DHR,2026-08-24,False,,,,,,
DIS,2026-08-24,False,,,,,,
DLR,2026-08-24,False,,,,,,
DLTR,2026-08-24,False,,,,,,
DOC,2026-08-24,False,,,,,,
DOV,2026-08-24,False,,,,,,
DOW,2026-08-24,False,,,,,,
DPZ,2026-08-24,False,,,,,,
DRI,2026-08-24,False,,,,,,
DTE,2026-08-24,False,,,,,,
DUK,2026-08-24,False,,,,,,
DVA,2026-08-24,False,,,,,,
DVN,2026-08-24,False,,,,,,
DXCM,2026-08-24,False,,,,,,
EBAY,2026-08-24,False,,,,,,
ECHO,2026-08-24,False,,,,,,
ECL,2026-08-24,False,,,,,,
ED,2026-08-24,False,,,,,,
EFX,2026-08-24,False,,,,,,
EG,2026-08-24,False,,,,,,
EIX,2026-08-24,False,,,,,,
EL,2026-08-24,False,,,,,,
ELV,2026-08-24,False,,,,,,
EME,2026-08-24,False,,,,,,
EMR,2026-08-24,False,,,,,,
EOG,2026-08-24,False,,,,,,
EQIX,2026-08-24,False,,,,,,
EQR,2026-08-21,False,,,,,,
EQT,2026-08-24,False,,,,,,
ERIE,2026-08-24,False,,,,,,
ES,2026-08-24,False,,,,,,
ESS,2026-08-24,False,,,,,,
ETN,2026-08-24,False,,,,,,
ETR,2026-08-24,False,,,,,,
EVRG,2026-08-24,False,,,,,,
EW,2026-08-24,False,,,,,,
EXC,2026-08-24,False,,,,,,
EXE,2026-08-24,False,,,,,,
EXPD,2026-08-24,False,,,,,,
EXPE,2026-08-24,False,,,,,,
EXR,2026-08-24,False,,,,,,
F,2026-08-24,False,,,,,,
FANG,2026-08-24,False,,,,,,
FAST,2026-08-24,False,,,,,,
FCX,2026-08-24,False,,,,,,
FDS,2026-08-24,False,,,,,,
FDX,2026-08-24,False,,,,,,
FDXF,2026-08-24,False,,,,,,
FE,2026-08-24,False,,,,,,
FFIV,2026-08-24,False,,,,,,
FICO,2026-08-24,False,,,,,,
FIS,2026-08-24,False,,,,,,
FISV,2026-08-24,False,,,,,,
FITB,2026-08-24,False,,,,,,
FIX,2026-08-24,False,,,,,,
FLEX,2026-08-24,False,,,,,,
FOX,2026-08-24,False,,,,,,
FRT,2026-08-24,False,,,,,,
FSLR,2026-08-24,False,,,,,,
FTNT,2026-08-24,False,,,,,,
FTV,2026-08-24,False,,,,,,
GD,2026-08-24,False,,,,,,
GDDY,2026-08-24,False,,,,,,
GE,2026-08-24,False,,,,,,
GEHC,2026-08-24,False,,,,,,
GEN,2026-08-24,False,,,,,,
GEV,2026-08-24,False,,,,,,
GILD,2026-08-24,False,,,,,,
GIS,2026-08-24,False,,,,,,
GL,2026-08-24,False,,,,,,
GLW,2026-08-24,False,,,,,,
GM,2026-08-24,False,,,,,,
GNRC,2026-08-24,False,,,,,,
GOOG,2026-08-24,False,,,,,,
GPC,2026-08-24,False,,,,,,
GPN,2026-08-24,False,,,,,,
GRMN,2026-08-24,False,,,,,,
GS,2026-08-24,False,,,,,,
GWW,2026-08-24,False,,,,,,
HAL,2026-08-24,False,,,,,,
HAS,2026-08-24,False,,,,,,
HBAN,2026-08-24,False,,,,,,
HCA,2026-08-24,False,,,,,,
HD,2026-08-24,False,,,,,,
HIG,2026-08-24,False,,,,,,
HII,2026-08-24,False,,,,,,
HLT,2026-08-24,False,,,,,,
HON,2026-08-24,False,,,,,,
HOOD,2026-08-24,False,,,,,,
HPE,2026-08-24,False,,,,,,
HPQ,2026-08-24,False,,,,,,
HRL,2026-08-24,False,,,,,,
HSIC,2026-08-24,False,,,,,,
HST,2026-08-24,False,,,,,,
HSY,2026-08-24,False,,,,,,
HUBB,2026-08-24,False,,,,,,
HUM,2026-08-24,False,,,,,,
HWM,2026-08-24,False,,,,,,
IBKR,2026-08-24,False,,,,,,
IBM,2026-08-24,False,,,,,,
ICE,2026-08-24,False,,,,,,
IDXX,2026-08-24,False,,,,,,
IEX,2026-08-24,False,,,,,,
IFF,2026-08-24,False,,,,,,
INCY,2026-08-24,False,,,,,,
INTC,2026-08-24,False,,,,,,
INTU,2026-08-24,False,,,,,,
INVH,2026-08-24,False,,,,,,
IP,2026-08-24,False,,,,,,
IQV,2026-08-24,False,,,,,,
IR,2026-08-24,False,,,,,,
IRM,2026-08-24,False,,,,,,
ISRG,2026-08-24,False,,,,,,
IT,2026-08-24,False,,,,,,
ITW,2026-08-24,False,,,,,,
IVZ,2026-08-24,False,,,,,,
J,2026-08-24,False,,,,,,
JBHT,2026-08-24,False,,,,,,
JBL,2026-08-24,False,,,,,,
JCI,2026-08-24,False,,,,,,
JKHY,2026-08-24,False,,,,,,
JNJ,2026-08-24,False,,,,,,
JPM,2026-08-24,False,,,,,,
KDP,2026-08-24,False,,,,,,
KEY,2026-08-24,False,,,,,,
KEYS,2026-08-24,False,,,,,,
KHC,2026-08-24,False,,,,,,
KIM,2026-08-24,False,,,,,,
KKR,2026-08-24,False,,,,,,
KLAC,2026-08-24,False,,,,,,
KMB,2026-08-24,False,,,,,,
KMI,2026-08-24,False,,,,,,
KO,2026-08-24,False,,,,,,
KR,2026-08-24,False,,,,,,
KVUE,2026-08-24,False,,,,,,
L,2026-08-24,False,,,,,,
LDOS,2026-08-24,False,,,,,,
LEN,2026-08-24,False,,,,,,
LH,2026-08-24,False,,,,,,
LHX,2026-08-24,False,,,,,,
LII,2026-08-24,False,,,,,,
LIN,2026-08-24,False,,,,,,
LITE,2026-08-24,False,,,,,,
LLY,2026-08-24,False,,,,,,
LMT,2026-08-24,False,,,,,,
LNT,2026-08-24,False,,,,,,
LOW,2026-08-24,False,,,,,,
LRCX,2026-08-24,False,,,,,,
LULU,2026-08-24,False,,,,,,
LUV,2026-08-24,False,,,,,,
LVS,2026-08-24,False,,,,,,
LYB,2026-08-24,False,,,,,,
LYV,2026-08-24,False,,,,,,
MA,2026-08-24,False,,,,,,
MAA,2026-08-24,False,,,,,,
MAR,2026-08-24,False,,,,,,
MAS,2026-08-24,False,,,,,,
MCD,2026-08-24,False,,,,,,
MCHP,2026-08-24,False,,,,,,
MCK,2026-08-24,False,,,,,,
MCO,2026-08-24,False,,,,,,
MDLZ,2026-08-24,False,,,,,,
MDT,2026-08-24,False,,,,,,
MET,2026-08-24,False,,,,,,
META,2026-08-24,False,,,,,,
MGM,2026-08-24,False,,,,,,
MKC,2026-08-24,False,,,,,,
MLM,2026-08-24,False,,,,,,
MMM,2026-08-24,False,,,,,,
MNST,2026-08-24,False,,,,,,
MO,2026-08-24,False,,,,,,
MOS,2026-08-24,False,,,,,,
MPC,2026-08-24,False,,,,,,
MPWR,2026-08-24,False,,,,,,
MRK,2026-08-24,False,,,,,,
MRNA,2026-08-24,False,,,,,,
MRSH,2026-08-24,False,,,,,,
MRVL,2026-08-24,False,,,,,,
MS,2026-08-24,False,,,,,,
MSCI,2026-08-24,False,,,,,,
MSFT,2026-08-24,False,,,,,,
MSI,2026-08-24,False,,,,,,
MTB,2026-08-24,False,,,,,,
MTD,2026-08-24,False,,,,,,
MU,2026-08-24,False,,,,,,
NCLH,2026-08-24,False,,,,,,
NDAQ,2026-08-24,False,,,,,,
NDSN,2026-08-24,False,,,,,,
NEE,2026-08-24,False,,,,,,
NEM,2026-08-24,False,,,,,,
NFLX,2026-08-24,False,,,,,,
NI,2026-08-24,False,,,,,,
NKE,2026-08-24,False,,,,,,
NOC,2026-08-24,False,,,,,,
NOW,2026-08-24,False,,,,,,
NRG,2026-08-24,False,,,,,,
NSC,2026-08-24,False,,,,,,
NTAP,2026-08-24,False,,,,,,
NTRS,2026-08-24,False,,,,,,
NUE,2026-08-24,False,,,,,,
NVDA,2026-08-24,False,,,,,,
NVR,2026-08-24,False,,,,,,
NWS,2026-08-24,False,,,,,,
NXPI,2026-08-24,False,,,,,,
O,2026-08-24,False,,,,,,
ODFL,2026-08-24,False,,,,,,
OKE,2026-08-24,False,,,,,,
OMC,2026-08-24,False,,,,,,
ON,2026-08-24,False,,,,,,
ORCL,2026-08-24,False,,,,,,
ORLY,2026-08-24,False,,,,,,
OTIS,2026-08-24,False,,,,,,
OXY,2026-08-24,False,,,,,,
PANW,2026-08-24,False,,,,,,
PAYX,2026-08-24,False,,,,,,
PCAR,2026-08-24,False,,,,,,
PCG,2026-08-24,False,,,,,,
PEG,2026-08-24,False,,,,,,
PEP,2026-08-24,False,,,,,,
PFE,2026-08-24,False,,,,,,
PFG,2026-08-24,False,,,,,,
PG,2026-08-24,False,,,,,,
PGR,2026-08-24,False,,,,,,
PH,2026-08-24,False,,,,,,
PHM,2026-08-24,False,,,,,,
PKG,2026-08-24,False,,,,,,
PLD,2026-08-24,False,,,,,,
PLTR,2026-08-24,False,,,,,,
PM,2026-08-24,False,,,,,,
PNC,2026-08-24,False,,,,,,
PNR,2026-08-24,False,,,,,,
PNW,2026-08-24,False,,,,,,
PODD,2026-08-24,False,,,,,,
PPG,2026-08-24,False,,,,,,
PPL,2026-08-24,False,,,,,,
PRU,2026-08-24,False,,,,,,
PSA,2026-08-24,False,,,,,,
PSKY,2026-08-24,False,,,,,,
PSX,2026-08-24,False,,,,,,
PTC,2026-08-24,False,,,,,,
PWR,2026-08-24,False,,,,,,
PYPL,2026-08-24,False,,,,,,
Q,2026-08-24,False,,,,,,
QCOM,2026-08-24,False,,,,,,
RCL,2026-08-24,False,,,,,,
REG,2026-08-24,False,,,,,,
REGN,2026-08-24,False,,,,,,
RF,2026-08-24,False,,,,,,
RJF,2026-08-24,False,,,,,,
RL,2026-08-24,False,,,,,,
RMD,2026-08-24,False,,,,,,
ROK,2026-08-24,False,,,,,,
ROL,2026-08-24,False,,,,,,
ROP,2026-08-24,False,,,,,,
ROST,2026-08-24,False,,,,,,
RSG,2026-08-24,False,,,,,,
RTX,2026-08-24,False,,,,,,
RVTY,2026-08-24,False,,,,,,
SBAC,2026-08-24,False,,,,,,
SBUX,2026-08-24,False,,,,,,
SCHW,2026-08-24,False,,,,,,
SHW,2026-08-24,False,,,,,,
SJM,2026-08-24,False,,,,,,
SLB,2026-08-24,False,,,,,,
SMCI,2026-08-24,False,,,,,,
SNA,2026-08-24,False,,,,,,
SNDK,2026-08-24,False,,,,,,
SNPS,2026-08-24,False,,,,,,
SO,2026-08-24,False,,,,,,
SOLV,2026-08-24,False,,,,,,
SPG,2026-08-24,False,,,,,,
SPGI,2026-08-24,False,,,,,,
SRE,2026-08-24,False,,,,,,
STE,2026-08-24,False,,,,,,
STLD,2026-08-24,False,,,,,,
STT,2026-08-24,False,,,,,,
STX,2026-08-24,False,,,,,,
STZ,2026-08-24,False,,,,,,
SW,2026-08-24,False,,,,,,
SWK,2026-08-24,False,,,,,,
SWKS,2026-08-24,False,,,,,,
SYF,2026-08-24,False,,,,,,
SYK,2026-08-24,False,,,,,,
SYY,2026-08-24,False,,,,,,
T,2026-08-24,False,,,,,,
TAP,2026-08-24,False,,,,,,
TDG,2026-08-24,False,,,,,,
TDY,2026-08-24,False,,,,,,
TECH,2026-08-24,False,,,,,,
TEL,2026-08-24,False,,,,,,
TER,2026-08-24,False,,,,,,
TFC,2026-08-24,False,,,,,,
TGT,2026-08-24,False,,,,,,
TJX,2026-08-24,False,,,,,,
TKO,2026-08-24,False,,,,,,
TMO,2026-08-24,False,,,,,,
TMUS,2026-08-24,False,,,,,,
TPL,2026-08-24,False,,,,,,
TPR,2026-08-24,False,,,,,,
TRGP,2026-08-24,False,,,,,,
TRMB,2026-08-24,False,,,,,,
TROW,2026-08-24,False,,,,,,
TRV,2026-08-24,False,,,,,,
TSCO,2026-08-24,False,,,,,,
TSLA,2026-08-24,False,,,,,,
TSN,2026-08-24,False,,,,,,
TT,2026-08-24,False,,,,,,
TTD,2026-08-24,False,,,,,,
TTWO,2026-08-24,False,,,,,,
TXN,2026-08-24,False,,,,,,
TXT,2026-08-24,False,,,,,,
TYL,2026-08-24,False,,,,,,
UAL,2026-08-24,False,,,,,,
UBER,2026-08-24,False,,,,,,
UDR,2026-08-24,False,,,,,,
UHS,2026-08-24,False,,,,,,
ULTA,2026-08-24,False,,,,,,
UNH,2026-08-24,False,,,,,,
UNP,2026-08-24,False,,,,,,
UPS,2026-08-24,False,,,,,,
URI,2026-08-24,False,,,,,,
USB,2026-08-24,False,,,,,,
V,2026-08-24,False,,,,,,
VEEV,2026-08-24,False,,,,,,
VICI,2026-08-24,False,,,,,,
VLO,2026-08-24,False,,,,,,
VLTO,2026-08-24,False,,,,,,
VMC,2026-08-24,False,,,,,,
VRSK,2026-08-24,False,,,,,,
VRSN,2026-08-24,False,,,,,,
VRT,2026-08-24,False,,,,,,
VRTX,2026-08-24,False,,,,,,
VST,2026-08-24,False,,,,,,
VTR,2026-08-24,False,,,,,,
VTRS,2026-08-24,False,,,,,,
VZ,2026-08-24,False,,,,,,
WAB,2026-08-24,False,,,,,,
WAT,2026-08-24,False,,,,,,
WBD,2026-08-24,False,,,,,,
WDAY,2026-08-24,False,,,,,,
WDC,2026-08-24,False,,,,,,
WEC,2026-08-24,False,,,,,,
WELL,2026-08-24,False,,,,,,
WFC,2026-08-24,False,,,,,,
WM,2026-08-24,False,,,,,,
WMB,2026-08-24,False,,,,,,
WMT,2026-08-24,False,,,,,,
WRB,2026-08-24,False,,,,,,
WSM,2026-08-24,False,,,,,,
WST,2026-08-24,False,,,,,,
WTW,2026-08-24,False,,,,,,
WY,2026-08-24,False,,,,,,
WYNN,2026-08-24,False,,,,,,
XEL,2026-08-24,False,,,,,,
XOM,2026-08-24,False,,,,,,
XYL,2026-08-24,False,,,,,,
XYZ,2026-08-24,False,,,,,,
YUM,2026-08-24,False,,,,,,
ZBH,2026-08-24,False,,,,,,
ZBRA,2026-08-24,False,,,,,,
ZTS,2026-08-24,False,,,,,,
