ticker,as_of,in_cup_handle_loose,cup_handle_stage_loose,cup_handle_quality_score_loose,cup_depth_pct_loose,handle_depth_pct_loose,cup_handle_target_price_loose,cup_handle_stop_loss_loose
AAPL,2026-08-24,False,,,,,,
ABNB,2026-08-24,True,breakout,15.0,7.23,50.97,160.85,132.192
ADBE,2026-08-24,True,complete,26.1,1.38,61.11,359.49,329.555
ADI,2026-08-24,True,breakout,0.5,7.16,52.72,115.602,93.066
ADP,2026-08-24,False,,,,,,
ADSK,2026-08-24,False,,,,,,
AEP,2026-08-24,False,,,,,,
ALAB,2026-08-24,False,,,,,,
ALNY,2026-08-24,False,,,,,,
AMAT,2026-08-24,True,breakout,25.4,3.75,92.48,62.265,51.926
AMD,2026-08-24,False,,,,,,
AMGN,2026-08-24,True,breakout,1.8,7.76,59.2,213.424,168.189
AMZN,2026-08-24,True,breakout,74.9,3.36,39.48,111.183,86.846
APP,2026-08-24,False,,,,,,
ARM,2026-08-24,True,breakout,4.7,7.06,24.23,59.41,48.991
AVGO,2026-08-24,False,,,,,,
AXON,2026-08-24,False,,,,,,
BKNG,2026-08-24,False,,,,,,
BKR,2026-08-24,False,,,,,,
CCEP,2026-08-24,False,,,,,,
CDNS,2026-08-24,True,breakout,7.3,3.71,73.93,78.22,68.505
CEG,2026-08-24,True,breakout,8.8,15.14,61.82,59.432,39.405
CMCSA,2026-08-24,True,complete,2.6,8.8,35.41,39.9,31.289
COST,2026-08-24,True,breakout,20.5,13.25,14.93,334.781,243.623
CPRT,2026-08-24,True,breakout,37.5,1.51,60.0,26.225,23.94
CRWD,2026-08-24,False,,,,,,
CRWV,2026-08-24,False,,,,,,
CSCO,2026-08-24,False,,,,,,
CSX,2026-08-24,True,breakout,20.1,1.99,94.12,24.238,21.824
CTAS,2026-08-24,True,breakout,12.8,2.82,52.48,68.97,61.93
DASH,2026-08-24,True,breakout,8.0,11.52,19.5,176.72,132.231
DDOG,2026-08-24,False,,,,,,
DXCM,2026-08-24,False,,,,,,
EXC,2026-08-24,True,breakout,21.7,1.42,69.12,27.557,25.39
FANG,2026-08-24,False,,,,,,
FAST,2026-08-24,True,breakout,25.4,3.49,76.19,16.632,14.073
FTNT,2026-08-24,False,,,,,,
GEHC,2026-08-24,False,,,,,,
GILD,2026-08-24,True,breakout,4.7,4.88,24.61,54.1,46.616
GOOG,2026-08-24,False,,,,,,
HON,2026-08-24,True,breakout,21.2,3.94,23.08,159.53,140.074
IDXX,2026-08-24,False,,,,,,
INTC,2026-08-24,False,,,,,,
INTU,2026-08-24,False,,,,,,
ISRG,2026-08-24,False,,,,,,
KDP,2026-08-24,True,breakout,25.8,2.73,34.21,24.472,21.884
KHC,2026-08-24,True,breakout,11.5,6.65,37.44,24.566,20.103
KLAC,2026-08-24,False,,,,,,
LIN,2026-08-24,True,breakout,33.4,2.45,50.78,202.259,175.933
LITE,2026-08-24,False,,,,,,
LRCX,2026-08-24,True,breakout,17.0,5.96,68.38,30.779,25.949
MAR,2026-08-24,True,breakout,4.5,8.16,26.51,155.5,125.438
MCHP,2026-08-24,False,,,,,,
MDLZ,2026-08-24,False,,,,,,
MELI,2026-08-24,True,breakout,21.9,2.85,61.2,693.87,621.167
META,2026-08-24,False,,,,,,
MNST,2026-08-24,False,,,,,,
MPWR,2026-08-24,True,breakout,25.9,5.05,74.42,186.853,154.944
MRVL,2026-08-24,False,,,,,,
MSFT,2026-08-24,False,,,,,,
MSTR,2026-08-24,False,,,,,,
MU,2026-08-24,False,,,,,,
NBIS,2026-08-24,True,breakout,22.6,8.43,43.43,22.5,18.05
NFLX,2026-08-24,False,,,,,,
NVDA,2026-08-24,True,breakout,13.9,19.69,63.11,9.363,5.8
NXPI,2026-08-24,True,breakout,20.2,5.26,44.13,127.624,107.084
ODFL,2026-08-24,False,,,,,,
ORLY,2026-08-24,True,breakout,1.4,7.52,86.52,30.049,23.352
PANW,2026-08-24,False,,,,,,
PAYX,2026-08-24,True,breakout,37.4,2.57,30.46,74.245,66.659
PCAR,2026-08-24,True,breakout,4.8,4.32,75.52,43.907,37.772
PDD,2026-08-24,False,,,,,,
PEP,2026-08-24,False,,,,,,
PLTR,2026-08-24,False,,,,,,
PYPL,2026-08-24,False,,,,,,
QCOM,2026-08-24,True,breakout,2.7,9.24,43.34,90.804,70.241
REGN,2026-08-24,True,breakout,12.7,13.14,15.39,437.947,316.385
RKLB,2026-08-24,True,breakout,55.7,2.98,35.48,10.73,9.604
ROP,2026-08-24,False,,,,,,
ROST,2026-08-24,True,breakout,39.3,5.09,21.76,117.147,100.077
SBUX,2026-08-24,True,breakout,8.9,9.51,20.5,88.279,69.293
SHOP,2026-08-24,False,,,,,,
SNDK,2026-08-24,False,,,,,,
SNPS,2026-08-24,False,,,,,,
STX,2026-08-24,True,breakout,11.4,8.04,97.79,53.821,41.316
TER,2026-08-24,True,breakout,1.8,8.82,76.79,80.788,61.072
TMUS,2026-08-24,False,,,,,,
TSLA,2026-08-24,False,,,,,,
TTWO,2026-08-24,False,,,,,,
TXN,2026-08-24,True,breakout,0.5,5.91,82.1,117.849,95.683
VRTX,2026-08-24,True,breakout,8.9,3.59,63.36,244.29,215.698
WBD,2026-08-24,True,complete,1.5,7.84,31.91,35.34,28.215
WDAY,2026-08-24,False,,,,,,
WDC,2026-08-24,False,,,,,,
WMT,2026-08-24,False,,,,,,
XEL,2026-08-24,True,breakout,35.0,12.42,24.43,65.531,48.497
