ticker,source,signal_state,days_since,signal_price,current_price,pct_chg_since_signal,stop_level,as_of
AMZN,Blue Dot,Blue Dot,0,258.6300048828125,258.6300048828125,,,2026-08-24
AMZN,Black Dot,Black Dot,0,258.6300048828125,258.6300048828125,,,2026-08-24
COST,Black Dot,Black Dot,0,947.739990234375,947.739990234375,,,2026-08-24
FAST,Black Dot,Black Dot,0,51.2599983215332,51.2599983215332,,,2026-08-24
MSFT,Blue Dot,Blue Dot,0,483.239990234375,483.239990234375,,,2026-08-24
MSFT,Black Dot,Black Dot,0,483.239990234375,483.239990234375,,,2026-08-24
ROST,Black Dot,Black Dot,0,239.0399932861328,239.0399932861328,,,2026-08-24
SBUX,Black Dot,Black Dot,0,107.08000183105467,107.08000183105467,,,2026-08-24
SHOP,Black Dot,Black Dot,0,149.25,149.25,,,2026-08-24
