ticker,C_yoy,C_pass,C_accelerating,A_cagr,A_pass,inst_pct,I_pass,canslim_score,in_canslim
ACMR,179.5,True,0.0,32.4,True,78.1,True,3,True
AGX,102.5,True,0.0,61.1,True,112.5,True,3,True
AGYS,88.2,True,1.0,40.9,True,106.9,True,3,True
AIZ,30.5,True,1.0,49.7,True,99.9,True,3,True
AMD,155.6,True,0.0,46.7,True,75.4,True,3,True
ANET,35.7,True,0.0,37.1,True,73.6,True,3,True
APG,25.0,True,0.0,60.5,True,86.9,True,3,True
APH,59.3,True,0.0,29.7,True,97.0,True,3,True
ATAT,91.4,True,1.0,146.0,True,77.8,True,3,True
ATI,55.7,True,1.0,43.7,True,95.7,True,3,True
AU,48.5,True,0.0,94.1,True,76.8,True,3,True
BFH,49.3,True,1.0,34.7,True,107.0,True,3,True
BGC,36.4,True,1.0,33.6,True,87.4,True,3,True
BKNG,130.0,True,1.0,29.4,True,98.3,True,3,True
BNY,26.9,True,1.0,36.7,True,87.3,True,3,True
BOBS,58.5,True,0.0,64.9,True,98.6,True,3,True
BOW,33.3,True,1.0,64.5,True,94.8,True,3,True
BZ,110.3,True,0.0,190.8,True,81.7,True,3,True
CARG,145.5,True,1.0,35.7,True,109.1,True,3,True
CBNA,107.1,True,0.0,33.7,True,67.3,True,3,True
CBOE,50.2,True,0.0,68.2,True,91.7,True,3,True
CHEF,55.1,True,0.0,32.0,True,100.6,True,3,True
CHWY,53.3,True,1.0,63.0,True,97.9,True,3,True
CLDT,85.7,True,1.0,51.8,True,97.6,True,3,True
CMCL,77.8,True,1.0,49.3,True,65.0,True,3,True
COCO,115.8,True,0.0,104.1,True,95.5,True,3,True
CPBI,51.0,True,0.0,34.4,True,33.0,True,3,True
CRM,52.2,True,1.0,233.7,True,88.0,True,3,True
CRS,46.2,True,1.0,109.8,True,95.5,True,3,True
CRUS,28.9,True,1.0,36.4,True,108.2,True,3,True
CVSA,43.1,True,1.0,50.9,True,103.5,True,3,True
CYD,53.3,True,0.0,38.8,True,25.1,True,3,True
DELL,282.5,True,1.0,38.9,True,75.9,True,3,True
DGII,48.1,True,0.0,26.0,True,107.3,True,3,True
DHT,251.4,True,0.0,52.4,True,80.3,True,3,True
DXCM,42.2,True,1.0,36.6,True,106.3,True,3,True
DY,43.5,True,0.0,26.3,True,94.5,True,3,True
ECBK,129.4,True,1.0,43.2,True,30.5,True,3,True
EE,146.7,True,0.0,35.9,True,107.6,True,3,True
EIX,55.1,True,0.0,93.3,True,95.6,True,3,True
ELMD,66.7,True,1.0,48.4,True,61.1,True,3,True
EME,34.8,True,1.0,51.5,True,96.4,True,3,True
EPAC,41.5,True,1.0,82.4,True,103.5,True,3,True
ESE,25.3,True,0.0,54.0,True,103.3,True,3,True
ESP,57.1,True,0.0,79.7,True,36.3,True,3,True
EXEL,26.2,True,1.0,70.6,True,107.2,True,3,True
FCNCA,31.1,True,1.0,34.8,True,68.5,True,3,True
FIX,91.9,True,1.0,61.8,True,95.7,True,3,True
FTNT,43.9,True,1.0,31.7,True,71.7,True,3,True
GCT,27.5,True,1.0,81.5,True,96.8,True,3,True
GDDY,29.8,True,1.0,41.6,True,106.4,True,3,True
GOOG,294.4,True,0.0,33.3,True,62.3,True,3,True
GRND,25.0,True,1.0,250.3,True,23.6,True,3,True
GSHD,127.8,True,1.0,226.1,True,114.8,True,3,True
GTX,26.2,True,1.0,26.5,True,99.9,True,3,True
HIG,36.0,True,1.0,34.8,True,96.5,True,3,True
HLNE,50.8,True,1.0,25.3,True,110.2,True,3,True
HMN,42.3,True,1.0,102.5,True,106.7,True,3,True
HTGC,55.8,True,0.0,32.8,True,36.3,True,3,True
HWM,33.0,True,1.0,49.5,True,93.6,True,3,True
IBKR,35.3,True,0.0,33.3,True,88.6,True,3,True
IESC,98.1,True,0.0,118.5,True,97.7,True,3,True
INCY,37.7,True,0.0,61.6,True,103.8,True,3,True
INFU,25.0,True,1.0,618.7,True,84.6,True,3,True
ISRG,26.5,True,1.0,29.2,True,89.6,True,3,True
JYNT,599.4,True,0.0,33.4,True,69.3,True,3,True
KBR,33.9,True,1.0,36.6,True,105.9,True,3,True
KMT,939.3,True,0.0,44.7,True,110.2,True,3,True
KNSL,34.0,True,1.0,46.5,True,96.9,True,3,True
LAUR,50.8,True,1.0,66.4,True,100.5,True,3,True
LLY,26.2,True,1.0,51.7,True,85.5,True,3,True
LNG,100.7,True,1.0,62.3,True,91.8,True,3,True
LRN,69.9,True,1.0,34.0,True,116.2,True,3,True
LWAY,30.4,True,1.0,145.7,True,56.7,True,3,True
MAMA,66.3,True,0.0,29.4,True,87.9,True,3,True
MEDP,37.1,True,1.0,28.0,True,91.5,True,3,True
MG,151.3,True,0.0,36.2,True,65.5,True,3,True
MHK,37.6,True,1.0,147.7,True,83.0,True,3,True
MITK,240.0,True,0.0,39.5,True,88.7,True,3,True
MORN,35.4,True,1.0,75.5,True,66.5,True,3,True
MRX,55.4,True,0.0,44.0,True,80.7,True,3,True
MTZ,51.4,True,0.0,129.4,True,76.3,True,3,True
MWA,30.3,True,1.0,36.5,True,103.3,True,3,True
MXF,49.8,True,0.0,77.5,True,66.1,True,3,True
NBIX,31.1,True,0.0,44.1,True,102.8,True,3,True
NEXA,6234.7,True,0.0,39.3,True,34.5,True,3,True
NHC,67.1,True,0.0,74.2,True,66.8,True,3,True
NPKI,27.3,True,0.0,252.3,True,95.0,True,3,True
NRIM,30.8,True,1.0,29.6,True,76.6,True,3,True
NVDA,214.5,True,1.0,204.2,True,71.3,True,3,True
NVGS,174.2,True,1.0,28.7,True,43.9,True,3,True
ONON,82.4,True,,50.2,True,72.7,True,3,True
OPLN,113.3,True,1.0,83.8,True,89.9,True,3,True
PAYS,386.9,True,0.0,86.6,True,54.7,True,3,True
PBI,111.8,True,1.0,58.7,True,92.1,True,3,True
PBYI,33.3,True,0.0,2396.3,True,75.6,True,3,True
PECO,230.0,True,1.0,28.4,True,92.0,True,3,True
PGNY,78.9,True,1.0,29.4,True,111.6,True,3,True
PIPR,61.0,True,1.0,34.4,True,88.5,True,3,True
PKOH,30.3,True,0.0,34.9,True,58.2,True,3,True
PLGO,125.4,True,0.0,101.0,True,81.6,True,3,True
PLNT,26.1,True,1.0,30.5,True,118.0,True,3,True
PNTG,25.0,True,0.0,56.3,True,96.4,True,3,True
PODD,328.1,True,1.0,267.7,True,107.1,True,3,True
PSTL,25.0,True,0.0,46.3,True,82.6,True,3,True
PWP,93.7,True,0.0,25.7,True,112.0,True,3,True
PWR,94.7,True,0.0,27.0,True,94.9,True,3,True
QRVO,255.6,True,1.0,53.5,True,99.8,True,3,True
RDVT,25.0,True,0.0,183.4,True,63.2,True,3,True
REX,119.6,True,1.0,47.1,True,84.1,True,3,True
RGA,159.6,True,1.0,32.3,True,103.8,True,3,True
ROAD,34.2,True,0.0,64.9,True,105.7,True,3,True
SENEA,33.2,True,1.0,142.7,True,80.4,True,3,True
SIGI,55.1,True,1.0,28.4,True,90.5,True,3,True
SLDE,89.3,True,0.0,166.0,True,51.7,True,3,True
SMCI,323.5,True,0.0,46.7,True,70.5,True,3,True
SOTK,52.8,True,0.0,40.1,True,42.9,True,3,True
SPXC,40.9,True,0.0,131.5,True,96.9,True,3,True
SRBK,30.0,True,1.0,30.8,True,35.9,True,3,True
STRL,116.5,True,0.0,39.2,True,89.7,True,3,True
TDC,433.3,True,1.0,63.3,True,135.8,True,3,True
TDS,2478.6,True,0.0,26.2,True,101.3,True,3,True
THC,213.4,True,1.0,59.9,True,102.4,True,3,True
TILE,60.0,True,1.0,81.1,True,107.5,True,3,True
TPG,525.3,True,0.0,25.9,True,92.4,True,3,True
TRN,605.9,True,1.0,62.6,True,98.3,True,3,True
UDR,90.9,True,1.0,63.2,True,108.4,True,3,True
UFCS,48.3,True,1.0,96.6,True,70.6,True,3,True
UPBD,42.3,True,1.0,81.2,True,101.4,True,3,True
USAC,40.9,True,0.0,54.3,True,37.7,True,3,True
USFD,29.2,True,1.0,42.8,True,111.5,True,3,True
VRT,53.0,True,0.0,340.1,True,84.4,True,3,True
WELL,35.6,True,0.0,66.7,True,101.4,True,3,True
WFC,25.0,True,1.0,25.9,True,78.8,True,3,True
WLY,108.8,True,1.0,134.3,True,105.0,True,3,True
WRLD,343.3,True,1.0,26.9,True,92.3,True,3,True
WT,64.7,True,0.0,34.2,True,112.3,True,3,True
WWD,36.4,True,1.0,38.4,True,93.2,True,3,True
ZBH,33.8,True,1.0,47.8,True,111.4,True,3,True
ZM,75.3,True,1.0,162.9,True,79.3,True,3,True
ZWS,131.0,True,1.0,42.2,True,92.3,True,3,True
